dataset,task,source,architecture,seed,rows,features,balanced_accuracy,accuracy,layer1_mean_entropy,layer1_effective_features,layer1_dead_flat_count,layer1_monosemantic_count,layer1_polysemantic_count,layer2_mean_entropy,layer2_effective_features,layer2_multimodal_count,layer2_unimodal_count,layer2_muted_count,r2,mae
iris,classification,canonical scikit-learn dataset,compact,17,150,4,0.9487179487179488,0.9473684210526315,1.193162893252133,3.3298707635679765,1.0,3,20,2.789355818176061,16.466772917974215,10,2.0,,,
iris,classification,canonical scikit-learn dataset,compact,43,150,4,0.9743589743589745,0.9736842105263158,1.2191920406650534,3.4026362553528515,1.0,3,20,2.717737019737921,15.454281692140183,10,2.0,,,
iris,classification,canonical scikit-learn dataset,wide,17,150,4,0.9487179487179488,0.9473684210526315,1.207662383090277,3.37203711280211,,6,42,3.4486983392150328,32.04397147800032,20,4.0,,,
iris,classification,canonical scikit-learn dataset,wide,43,150,4,0.9743589743589745,0.9736842105263158,1.1643521718591037,3.236962865738827,1.0,3,44,3.4296268190716552,31.1712951581941,22,2.0,,,
wine,classification,canonical scikit-learn dataset,compact,17,178,13,1.0,1.0,2.3226638656486895,10.227072670582771,1.0,3,20,2.8889401990747996,18.040957048710307,9,2.0,1.0,,
wine,classification,canonical scikit-learn dataset,compact,43,178,13,0.9259259259259259,0.9111111111111111,2.408505177733107,11.136308231107725,2.0,3,19,2.976875122947542,19.70756989690549,11,1.0,,,
wine,classification,canonical scikit-learn dataset,wide,17,178,13,1.0,1.0,2.34694773843718,10.49845681545324,3.0,5,40,3.6383485752693487,38.15541840135098,21,3.0,,,
wine,classification,canonical scikit-learn dataset,wide,43,178,13,0.9259259259259259,0.9111111111111111,2.387701308635943,10.912696005394883,5.0,5,38,3.6317864105427478,37.94908215963878,22,2.0,,,
breast_cancer,classification,canonical scikit-learn dataset,compact,17,462,30,1.0,1.0,3.1631254165281777,23.698266859997663,1.0,3,20,2.8425882724479408,17.198241442382734,9,2.0,1.0,,
breast_cancer,classification,canonical scikit-learn dataset,compact,43,462,30,0.9558250973345312,0.9568965517241379,3.1891762252642457,24.32066657813802,2.0,3,19,2.8615743387573143,17.615284699754998,11,1.0,,,
breast_cancer,classification,canonical scikit-learn dataset,wide,17,462,30,0.982629529799341,0.9827586206896551,3.1586116370189252,23.605075070553966,3.0,5,40,3.5317505127616715,34.31675120841387,21,3.0,,,
breast_cancer,classification,canonical scikit-learn dataset,wide,43,462,30,0.9637616052710392,0.9655172413793104,3.1651413685747776,23.756497027746562,6.0,5,37,3.509339552144174,33.52837003023581,21,2.0,1.0,,
digits,classification,canonical scikit-learn dataset,compact,17,500,64,0.9198717948717949,0.92,3.7691069119585223,43.362571123969836,1.0,2,21,2.9617222917839006,19.34830428463766,8,2.0,2.0,,
digits,classification,canonical scikit-learn dataset,compact,43,500,64,0.9435897435897436,0.944,3.779256829319872,43.830051277070474,2.0,3,19,2.969038388662272,19.536962748396046,8,2.0,2.0,,
digits,classification,canonical scikit-learn dataset,wide,17,500,64,0.898076923076923,0.896,3.7564679501078637,42.8396411762861,4.0,6,38,3.647352952480239,38.484330022108225,21,2.0,1.0,,
digits,classification,canonical scikit-learn dataset,wide,43,500,64,0.9506410256410257,0.952,3.759743335513631,42.97010259114439,4.0,5,39,3.64340013820974,38.25168114307299,19,3.0,2.0,,
diabetes,regression,canonical scikit-learn dataset,compact,17,442,10,,,2.042673469968039,7.734758929225741,2.0,3,19,2.7621011389055012,15.87618534257872,11,1.0,,0.208162404140386,50.668999749260976
diabetes,regression,canonical scikit-learn dataset,compact,43,442,10,,,1.9946602118256684,7.393384434030122,1.0,4,19,2.8217465814313614,16.829281537046995,9,2.0,1.0,0.1740780018225596,54.06447993098079
diabetes,regression,canonical scikit-learn dataset,wide,17,442,10,,,2.037011206345181,7.705828479794339,3.0,6,39,3.440686216965444,31.30692236548681,19,2.0,3.0,-0.008128618596159765,55.81069465156074
diabetes,regression,canonical scikit-learn dataset,wide,43,442,10,,,2.054379563002985,7.835594042944623,1.0,4,43,3.4783931823390297,32.51673404713389,20,3.0,1.0,0.1613178159551456,53.5914867504223
linnerud,regression,canonical scikit-learn dataset,compact,17,20,3,,,0.9109731271916592,2.5189255632830183,,3,21,2.498922500116769,12.673270214398059,10,2.0,,-0.21166455122731342,26.449276733398438
linnerud,regression,canonical scikit-learn dataset,compact,43,20,3,,,0.8696235824641079,2.433537262149138,,2,22,2.7056756592833597,15.096762004567376,10,1.0,1.0,-9.82923470254037,57.92207641601563
linnerud,regression,canonical scikit-learn dataset,wide,17,20,3,,,0.893330231412894,2.47992222724685,,4,44,3.342328006271053,28.74799552835054,21,3.0,,-0.7590905404850643,31.224691772460936
linnerud,regression,canonical scikit-learn dataset,wide,43,20,3,,,0.8865748039370563,2.456554884679298,1.0,8,39,3.3138966619420813,28.0567813113169,22,2.0,,-8.007391248766307,56.79071960449219
balanced_easy,classification,deterministic controlled fixture,compact,17,420,12,1.0,1.0,2.200698247032103,9.067621002349478,2.0,3,19,3.0081579496580937,20.27040213054132,10,1.0,1.0,,
balanced_easy,classification,deterministic controlled fixture,compact,43,420,12,0.9622641509433962,0.9619047619047619,2.254772718201704,9.55447295251728,3.0,3,18,2.9553881857276667,19.343582431412173,11,1.0,,,
balanced_easy,classification,deterministic controlled fixture,wide,17,420,12,1.0,1.0,2.229050791634253,9.333464147243824,2.0,6,40,3.572971040480103,35.72147083935488,22,2.0,,,
balanced_easy,classification,deterministic controlled fixture,wide,43,420,12,0.9622641509433962,0.9619047619047619,2.2533712702486706,9.54370789612176,4.0,6,38,3.5639630066992454,35.41636132578915,20,4.0,,,
balanced_overlap,classification,deterministic controlled fixture,compact,17,420,12,0.7142597968069666,0.7142857142857143,2.2471208798742683,9.481290924496367,2.0,6,16,2.915683609191989,18.540358617335585,9,2.0,1.0,,
balanced_overlap,classification,deterministic controlled fixture,compact,43,420,12,0.7623367198838897,0.7619047619047619,2.2380010377563027,9.39921865900081,3.0,3,18,2.8143947378068095,16.75259281505984,10,1.0,1.0,,
balanced_overlap,classification,deterministic controlled fixture,wide,17,420,12,0.7238751814223512,0.7238095238095238,2.2491461208579104,9.510904728071244,2.0,4,42,3.5833666747217845,36.03291967279459,19,3.0,2.0,,
balanced_overlap,classification,deterministic controlled fixture,wide,43,420,12,0.7149854862119013,0.7142857142857143,2.252525844146581,9.55401758351192,2.0,6,40,3.5991793602143756,36.62837416821344,21,2.0,1.0,,
imbalanced_90_10,classification,deterministic controlled fixture,compact,17,420,12,0.5,0.8952380952380953,2.203471182217848,9.087585895768909,1.0,2,21,2.893095836944642,18.06740065839794,9,1.0,2.0,,
imbalanced_90_10,classification,deterministic controlled fixture,compact,43,420,12,0.6711798839458414,0.9142857142857143,2.260241047244838,9.610348490951532,2.0,2,20,2.846634357653073,17.312055652918662,10,1.0,1.0,,
imbalanced_90_10,classification,deterministic controlled fixture,wide,17,420,12,0.5802707930367504,0.8952380952380953,2.223246819681816,9.3000422236748,2.0,6,40,3.5296028767320826,34.204636547408576,19,4.0,1.0,,
imbalanced_90_10,classification,deterministic controlled fixture,wide,43,420,12,0.625725338491296,0.9047619047619048,2.2041457656752965,9.111975707518775,4.0,4,40,3.543151905646654,34.686261527001626,20,3.0,1.0,,
imbalanced_98_2,classification,deterministic controlled fixture,compact,17,420,12,0.5,0.9714285714285714,2.2382350747167163,9.413106095653491,2.0,2,20,2.897042226403659,18.14578044242461,9,1.0,2.0,,
imbalanced_98_2,classification,deterministic controlled fixture,compact,43,420,12,0.5,0.9714285714285714,2.2293775985438042,9.348670347701177,,1,23,2.861309848423325,17.552571209801524,10,1.0,1.0,,
imbalanced_98_2,classification,deterministic controlled fixture,wide,17,420,12,0.5,0.9714285714285714,2.230244853580103,9.345365420911898,2.0,9,37,3.5329187809834663,34.264459258593035,20,2.0,2.0,,
imbalanced_98_2,classification,deterministic controlled fixture,wide,43,420,12,0.5,0.9714285714285714,2.2367419150191963,9.40093736351343,4.0,5,39,3.5028871739076997,33.48795764567031,22,2.0,,,
redundant_high,classification,deterministic controlled fixture,compact,17,420,12,0.8287373004354137,0.8285714285714286,2.233903142945382,9.393288565602445,2.0,3,19,2.8600007565968095,17.535360882455553,9,3.0,,,
redundant_high,classification,deterministic controlled fixture,compact,43,420,12,0.7719521044992743,0.7714285714285715,2.2297109222431946,9.337938516479019,1.0,3,20,2.8658682717247133,17.598357473949722,10,1.0,1.0,,
redundant_high,classification,deterministic controlled fixture,wide,17,420,12,0.8481494920174166,0.8476190476190476,2.2071490442877537,9.137076500636288,5.0,4,39,3.4544213928146914,31.793060779132976,19,3.0,2.0,,
redundant_high,classification,deterministic controlled fixture,wide,43,420,12,0.7717706821480406,0.7714285714285715,2.2300169679206703,9.342207470034902,2.0,6,40,3.4857181146099236,32.91731970214264,18,4.0,2.0,,
informative_sparse,classification,deterministic controlled fixture,compact,17,420,12,0.857843137254902,0.8571428571428571,2.264686830935682,9.656267163930599,2.0,3,19,3.0086136969390136,20.311202892945406,10,1.0,1.0,,
informative_sparse,classification,deterministic controlled fixture,compact,43,420,12,0.8464052287581699,0.8476190476190476,2.223360519939272,9.283131034408223,4.0,2,18,2.9557717082719517,19.31842244147234,10,2.0,,,
informative_sparse,classification,deterministic controlled fixture,wide,17,420,12,0.8480392156862746,0.8476190476190476,2.2389880841392604,9.435039860390653,4.0,5,39,3.58009021570304,36.102662956547256,21,2.0,1.0,,
informative_sparse,classification,deterministic controlled fixture,wide,43,420,12,0.8747276688453158,0.8761904761904762,2.219627460209822,9.23938414839759,4.0,4,40,3.6292393387354394,37.965628272595616,21,3.0,,,
informative_dense,classification,deterministic controlled fixture,compact,17,420,12,0.8762699564586357,0.8761904761904762,2.2376512721405786,9.388211772682496,2.0,4,18,2.879489762898032,17.886269138440458,10,2.0,,,
informative_dense,classification,deterministic controlled fixture,compact,43,420,12,0.9234397677793904,0.9238095238095239,2.2442073812943764,9.463029085025369,2.0,4,18,2.9140174838615107,18.483631553758954,10,1.0,1.0,,
informative_dense,classification,deterministic controlled fixture,wide,17,420,12,0.8762699564586357,0.8761904761904762,2.2311860928807423,9.348720230397044,4.0,6,38,3.5641716437444835,35.39694693990119,20,2.0,2.0,,
informative_dense,classification,deterministic controlled fixture,wide,43,420,12,0.8281930333817127,0.8285714285714286,2.250072148827613,9.523959563282867,3.0,6,39,3.563335556846074,35.359430700054666,20,1.0,3.0,,
label_noise_10,classification,deterministic controlled fixture,compact,17,420,12,0.6950290275761974,0.6952380952380952,2.2282895069864046,9.3060016890769,1.0,3,20,2.8739635011450164,17.82919081621332,9,1.0,2.0,,
label_noise_10,classification,deterministic controlled fixture,compact,43,420,12,0.7614296081277214,0.7619047619047619,2.247573899646881,9.496937676658028,1.0,2,21,2.881794509369388,17.88145254928909,9,2.0,1.0,,
label_noise_10,classification,deterministic controlled fixture,wide,17,420,12,0.6861393323657474,0.6857142857142857,2.2206576803373683,9.248894663546734,2.0,7,39,3.553392165367368,35.09219910784019,20,2.0,2.0,,
label_noise_10,classification,deterministic controlled fixture,wide,43,420,12,0.8093251088534108,0.8095238095238095,2.223222250245756,9.284711880633761,4.0,6,38,3.542779176305666,34.67625940408967,19,3.0,2.0,,
label_noise_20,classification,deterministic controlled fixture,compact,17,420,12,0.7619738751814225,0.7619047619047619,2.2557298720236156,9.580756603364417,2.0,2,20,2.9260221587085726,18.68872986491527,10,1.0,1.0,,
label_noise_20,classification,deterministic controlled fixture,compact,43,420,12,0.7521770682148041,0.7523809523809524,2.2329443522295054,9.354503744618587,3.0,4,17,2.9082598868077323,18.434393686475197,10,2.0,,,
label_noise_20,classification,deterministic controlled fixture,wide,17,420,12,0.7331277213352685,0.7333333333333333,2.215933415861621,9.212339010017613,5.0,4,39,3.5526684996159212,35.126651412573466,21,2.0,1.0,,
label_noise_20,classification,deterministic controlled fixture,wide,43,420,12,0.7714078374455733,0.7714285714285715,2.2270928112545127,9.316848924021075,5.0,3,40,3.5298071146067436,34.29118628672734,22,1.0,1.0,,
clusters_1,classification,deterministic controlled fixture,compact,17,420,12,0.9428519593613933,0.9428571428571428,2.2308264285110035,9.346052197971824,1.0,2,21,2.9396022798728842,18.930482467426007,9,2.0,1.0,,
clusters_1,classification,deterministic controlled fixture,compact,43,420,12,0.9526487663280117,0.9523809523809523,2.1978952995812433,9.046008838327165,2.0,2,20,2.9152435523265243,18.492632437964254,8,2.0,2.0,,
clusters_1,classification,deterministic controlled fixture,wide,17,420,12,0.9241654571843252,0.9238095238095239,2.2326299998822283,9.354095822703043,6.0,6,36,3.569746645806823,35.54736847777941,21,2.0,1.0,,
clusters_1,classification,deterministic controlled fixture,wide,43,420,12,0.9145500725689405,0.9142857142857143,2.224246679115962,9.286004033107387,6.0,4,38,3.617936824136036,37.358841443555114,20,2.0,2.0,,
clusters_3,classification,deterministic controlled fixture,compact,17,420,12,0.8760885341074021,0.8761904761904762,2.2277186953533055,9.309436167458522,2.0,3,19,2.9155866859121757,18.50252645648101,10,1.0,1.0,,
clusters_3,classification,deterministic controlled fixture,compact,43,420,12,0.9049346879535559,0.9047619047619048,2.2173071596226417,9.234411157731927,2.0,2,20,2.9261257565550722,18.780644675986363,9,2.0,1.0,,
clusters_3,classification,deterministic controlled fixture,wide,17,420,12,0.8858853410740204,0.8857142857142857,2.2202883744340376,9.265423232909999,1.0,1,46,3.581728640142851,36.24139007652645,22,2.0,,,
clusters_3,classification,deterministic controlled fixture,wide,43,420,12,0.8671988388969522,0.8666666666666667,2.2367487569467976,9.415658802667885,1.0,5,42,3.536541535577634,34.506916799005175,22,2.0,,,
moons,classification,deterministic controlled fixture,compact,17,420,2,0.9430333817126271,0.9428571428571428,0.5181894341654306,1.7077396299040142,,4,20,2.7436377723784524,15.849938565210126,11,1.0,,,
moons,classification,deterministic controlled fixture,compact,43,420,2,0.9622641509433962,0.9619047619047619,0.5445577654241314,1.7420936151174704,,2,22,2.6216544429257307,14.123993651902587,9,3.0,,,
moons,classification,deterministic controlled fixture,wide,17,420,2,0.9430333817126271,0.9428571428571428,0.5082560786192266,1.6910776149555569,,6,42,3.2863788232736275,27.77153445880519,21,3.0,,,
moons,classification,deterministic controlled fixture,wide,43,420,2,0.9622641509433962,0.9619047619047619,0.5345483698866507,1.7278768563199802,,6,42,3.4197085886437413,31.067428785488943,22,2.0,,,
circles,classification,deterministic controlled fixture,compact,17,420,2,0.9807692307692308,0.9809523809523809,0.5597474499621621,1.778862227014642,,3,21,2.7850941253412844,16.925481062051304,10,2.0,,,
circles,classification,deterministic controlled fixture,compact,43,420,2,0.9811320754716981,0.9809523809523809,0.6210023432321207,1.8728471146371817,,1,23,2.8364627266672264,17.696788316495304,10,2.0,,,
circles,classification,deterministic controlled fixture,wide,17,420,2,0.9807692307692308,0.9809523809523809,0.60618930526708,1.8481607128016995,,5,43,3.275934536374473,28.02137250301965,21,3.0,,,
circles,classification,deterministic controlled fixture,wide,43,420,2,0.9811320754716981,0.9809523809523809,0.6092211430975963,1.8543074728340354,,5,43,3.5447050441282513,35.251970024233195,20,4.0,,,
xor,classification,deterministic controlled fixture,compact,17,420,8,0.8850762527233116,0.8857142857142857,1.6371145229338318,5.230142897133992,1.0,4,19,2.9444328535217252,19.02458855979798,9,2.0,1.0,,
xor,classification,deterministic controlled fixture,compact,43,420,8,0.8959694989106753,0.8952380952380953,1.7106044765778246,5.759367995850165,,3,21,2.9637771374162853,19.392119211052425,10,1.0,1.0,,
xor,classification,deterministic controlled fixture,wide,17,420,8,0.8850762527233116,0.8857142857142857,1.7357578772497249,5.753806672824218,3.0,6,39,3.579273686276094,36.096414213056796,20,4.0,,,
xor,classification,deterministic controlled fixture,wide,43,420,8,0.9226579520697167,0.9238095238095239,1.7654191533439267,5.921603674326029,2.0,8,38,3.5789091916853395,36.04897549185666,23,1.0,,,
heavy_tail,classification,deterministic controlled fixture,compact,17,420,12,0.7976973684210527,0.8,2.220142422708214,9.25403390839992,1.0,4,19,2.944521214873069,19.06289635971417,11,1.0,,,
heavy_tail,classification,deterministic controlled fixture,compact,43,420,12,0.856907894736842,0.8571428571428571,2.203075967850911,9.098857644428277,1.0,3,20,2.8962584970025347,18.23206140792199,11,1.0,,,
heavy_tail,classification,deterministic controlled fixture,wide,17,420,12,0.825657894736842,0.8285714285714286,2.228611068884487,9.316513477230357,6.0,4,38,3.6117883867958156,37.1586779892782,21,3.0,,,
heavy_tail,classification,deterministic controlled fixture,wide,43,420,12,0.825657894736842,0.8285714285714286,2.2176786631879355,9.213134492168871,5.0,7,36,3.607592995740415,36.9436266303509,21,2.0,1.0,,
lognormal,classification,deterministic controlled fixture,compact,17,420,12,0.7719521044992743,0.7714285714285715,2.2057824238616592,9.110780141640522,2.0,3,19,2.960131320739442,19.359638986670273,9,2.0,1.0,,
lognormal,classification,deterministic controlled fixture,compact,43,420,12,0.7518142235123367,0.7523809523809524,2.203666349907196,9.094078199939906,1.0,3,20,2.9540944492467367,19.233013343973607,8,3.0,1.0,,
lognormal,classification,deterministic controlled fixture,wide,17,420,12,0.7149854862119013,0.7142857142857143,2.2186889234120613,9.242936810127716,5.0,6,37,3.5926449797217437,36.546552969174904,22,2.0,,,
lognormal,classification,deterministic controlled fixture,wide,43,420,12,0.771044992743106,0.7714285714285715,2.261826154395203,9.62364505438743,5.0,5,38,3.596826680485639,36.57224372910447,22,2.0,,,
heterogeneous_scale,classification,deterministic controlled fixture,compact,17,420,12,0.7058823529411764,0.7047619047619048,2.2427204236586458,9.44077634944675,2.0,3,19,2.8646548132692455,17.609933557482943,9,2.0,1.0,,
heterogeneous_scale,classification,deterministic controlled fixture,compact,43,420,12,0.7706971677559913,0.7714285714285715,2.232749296751269,9.36144433261993,2.0,2,20,2.8665633189743436,17.664825678390404,9,3.0,,,
heterogeneous_scale,classification,deterministic controlled fixture,wide,17,420,12,0.6944444444444444,0.6952380952380952,2.226310106314577,9.298045053850815,3.0,6,39,3.551103747619121,35.01602045731764,22,2.0,,,
heterogeneous_scale,classification,deterministic controlled fixture,wide,43,420,12,0.7521786492374728,0.7523809523809524,2.235405051725839,9.375683666157231,5.0,5,38,3.5613347314512134,35.34800694917443,22,2.0,,,
zero_inflated,classification,deterministic controlled fixture,compact,17,420,12,0.6734693877551021,0.6761904761904762,2.197123613444997,9.044758782652771,2.0,3,19,2.9490514537901817,19.12781131046553,10,,2.0,,
zero_inflated,classification,deterministic controlled fixture,compact,43,420,12,0.825109649122807,0.819047619047619,2.23490978755172,9.389262278932927,3.0,2,19,2.9156820098695637,18.489326703769215,9,2.0,1.0,,
zero_inflated,classification,deterministic controlled fixture,wide,17,420,12,0.6632653061224489,0.6666666666666666,2.22336737122809,9.273668168358833,5.0,5,38,3.5937184320280138,36.53353340979159,19,5.0,,,
zero_inflated,classification,deterministic controlled fixture,wide,43,420,12,0.7138157894736843,0.7142857142857143,2.25400704387884,9.55583413529752,3.0,6,39,3.603396654478787,36.794044064382796,20,2.0,2.0,,
outlier_contaminated,classification,deterministic controlled fixture,compact,17,420,12,0.7432873730043541,0.7428571428571429,2.1246263713079228,8.438307056531366,1.0,4,19,2.969251448345352,19.506534870551842,10,2.0,,,
outlier_contaminated,classification,deterministic controlled fixture,compact,43,420,12,0.7525399129172714,0.7523809523809524,2.087480010117643,8.131388121649357,2.0,5,17,2.889850537693461,18.07499846038595,9,2.0,1.0,,
outlier_contaminated,classification,deterministic controlled fixture,wide,17,420,12,0.7340348330914368,0.7333333333333333,2.1512150198652598,8.643281429111392,5.0,5,38,3.5629346810280005,35.365844315896005,21,3.0,,,
outlier_contaminated,classification,deterministic controlled fixture,wide,43,420,12,0.7525399129172714,0.7523809523809524,2.106060856670264,8.271766492496873,5.0,7,36,3.5569249394734395,35.154011857331454,22,1.0,1.0,,
missing10,classification,deterministic controlled fixture,compact,17,420,12,0.8764513788098693,0.8761904761904762,2.2202973593531086,9.229568221992794,2.0,2,20,2.929576811695273,18.77057527262451,9,2.0,1.0,,
missing10,classification,deterministic controlled fixture,compact,43,420,12,0.9045718432510885,0.9047619047619048,2.2307341528278894,9.34479544200738,3.0,2,19,2.9626028214689977,19.38827181377086,11,1.0,,,
missing10,classification,deterministic controlled fixture,wide,17,420,12,0.9049346879535559,0.9047619047619048,2.2231465827246457,9.278199743961304,3.0,3,42,3.5535850869440715,35.0806416219851,20,2.0,2.0,,
missing10,classification,deterministic controlled fixture,wide,43,420,12,0.9334179970972424,0.9333333333333333,2.2363243519472897,9.390238021615314,3.0,2,43,3.5493664238503455,34.905978881001,22,2.0,,,
linear_easy,regression,deterministic controlled fixture,compact,17,420,12,,,2.209802777635794,9.159154634661133,1.0,2,21,2.7952105523892268,16.406380891653807,10,1.0,1.0,0.9950970484944401,10.195692015712488
linear_easy,regression,deterministic controlled fixture,compact,43,420,12,,,2.2133601986715714,9.182452254859363,2.0,1,21,2.7476208483540994,15.67332200175239,10,1.0,1.0,0.9952718042741127,10.153408716317598
linear_easy,regression,deterministic controlled fixture,wide,17,420,12,,,2.2601400488590198,9.63580427027502,3.0,7,38,3.4868227688802214,32.74473678266852,20,2.0,2.0,0.9968824671005847,9.030007175809875
linear_easy,regression,deterministic controlled fixture,wide,43,420,12,,,2.2266509637360206,9.328940409002808,4.0,5,39,3.5207479495194023,33.86838708257465,18,4.0,2.0,0.9960042559168772,9.543478549607322
linear_noisy,regression,deterministic controlled fixture,compact,17,420,12,,,2.2167958512590817,9.211004056268322,4.0,4,16,2.816696746303362,16.772894737912836,9,2.0,1.0,0.9222423698288416,25.12824093265151
linear_noisy,regression,deterministic controlled fixture,compact,43,420,12,,,2.2201506218233704,9.284259437092723,1.0,3,20,2.7439583187722594,15.577817870456348,10,,2.0,0.9221739223637564,23.937165932082223
linear_noisy,regression,deterministic controlled fixture,wide,17,420,12,,,2.2616241362330762,9.62787314330536,1.0,5,42,3.5340723024752356,34.337898462596534,19,1.0,4.0,0.9185935475898115,25.716235116667043
linear_noisy,regression,deterministic controlled fixture,wide,43,420,12,,,2.24217370599519,9.461595145775222,3.0,7,38,3.522601256603148,33.91219717460199,19,3.0,2.0,0.9137582127879584,25.795873340281876
sparse_2,regression,deterministic controlled fixture,compact,17,420,12,,,2.1412336936351317,8.586545982213545,2.0,3,19,2.8456729409539734,17.259761165242654,10,,2.0,0.9731982356503686,10.631191263955223
sparse_2,regression,deterministic controlled fixture,compact,43,420,12,,,2.199582437184294,9.089456131327276,1.0,3,20,2.752194641722015,15.720352857172173,9,2.0,1.0,0.9653502046674078,10.494944828533562
sparse_2,regression,deterministic controlled fixture,wide,17,420,12,,,2.213209486917414,9.218514455692,3.0,4,41,3.513654931505725,33.615059083931676,20,2.0,2.0,0.9754883742379624,10.616547486925176
sparse_2,regression,deterministic controlled fixture,wide,43,420,12,,,2.245311941793397,9.47694963931856,4.0,4,40,3.469218297544939,32.226105594273875,21,2.0,1.0,0.96968823514558,10.019310861767993
sparse_4,regression,deterministic controlled fixture,compact,17,420,12,,,2.197650621526679,9.052220890652153,2.0,4,18,2.7808307801344743,16.17836074075472,11,1.0,,0.9868190406525096,11.643850794112808
sparse_4,regression,deterministic controlled fixture,compact,43,420,12,,,2.198116829167471,9.047796832001184,3.0,2,19,2.731887825492681,15.39366731230123,10,2.0,,0.9887853699619055,10.704399850919257
sparse_4,regression,deterministic controlled fixture,wide,17,420,12,,,2.246489386746569,9.487352760461588,6.0,7,35,3.5362454057678616,34.3816080038622,21,2.0,1.0,0.9766823099533362,14.398202301941602
sparse_4,regression,deterministic controlled fixture,wide,43,420,12,,,2.243430212206127,9.454259736892562,7.0,6,35,3.451538412289827,31.61155848217309,19,3.0,2.0,0.9881050476711176,11.373877652324373
dense_10,regression,deterministic controlled fixture,compact,17,420,12,,,2.2375066149415352,9.410762418416915,2.0,3,19,2.803441536101006,16.53598435122748,9,2.0,1.0,0.9873982995119326,11.988231152812851
dense_10,regression,deterministic controlled fixture,compact,43,420,12,,,2.2367108503531217,9.409602321786146,4.0,1,19,2.8533860666174746,17.363352600795686,10,2.0,,0.990155681446588,12.278318573045263
dense_10,regression,deterministic controlled fixture,wide,17,420,12,,,2.2382512845947264,9.409112927040693,5.0,5,38,3.52375309246162,34.004466041004115,20,2.0,2.0,0.9884397253283413,11.906734405830942
dense_10,regression,deterministic controlled fixture,wide,43,420,12,,,2.2489432027432503,9.523286687997386,3.0,4,41,3.478853970713555,32.54822363845272,22,2.0,,0.9914582922741882,11.704203695679002
low_noise,regression,deterministic controlled fixture,compact,17,420,12,,,2.1949434038477666,9.025259115693702,3.0,4,17,2.864571870341083,17.570221088742727,10,2.0,,0.9979150412256469,6.069137583159531
low_noise,regression,deterministic controlled fixture,compact,43,420,12,,,2.187517471775657,8.964180578006127,,3,21,2.75262666665207,15.808963573296781,10,2.0,,0.9961567830892905,7.501744027318735
low_noise,regression,deterministic controlled fixture,wide,17,420,12,,,2.242015142254362,9.443242696648799,4.0,4,40,3.5017347565952712,33.31128348974576,23,1.0,,0.9970895093319504,7.479009356913092
low_noise,regression,deterministic controlled fixture,wide,43,420,12,,,2.2638296932722417,9.64900612369849,4.0,6,38,3.4086773582595957,30.304129192716193,21,2.0,1.0,0.9924522583263553,11.346930008058738
high_noise,regression,deterministic controlled fixture,compact,17,420,12,,,2.2336277157913456,9.374627415026124,1.0,3,20,2.8277740721961124,16.941141366372666,9,1.0,2.0,0.8496090055229764,50.11488795243356
high_noise,regression,deterministic controlled fixture,compact,43,420,12,,,2.223290469624859,9.291561238862194,3.0,3,18,2.8994935516426246,18.21651285004341,9,2.0,1.0,0.7954804417825397,53.96129367997184
high_noise,regression,deterministic controlled fixture,wide,17,420,12,,,2.2437501288133883,9.475050351587331,4.0,8,36,3.551297732112879,34.94042391518169,21,2.0,1.0,0.8213875133266019,53.19052509144717
high_noise,regression,deterministic controlled fixture,wide,43,420,12,,,2.2303355232508544,9.339558246874285,4.0,6,38,3.531274657743294,34.27486209548613,18,4.0,2.0,0.7372318783838092,60.26336981757341
many_features,regression,deterministic controlled fixture,compact,17,420,24,,,2.9019120562370766,18.243415793331696,2.0,3,19,2.8264267235724003,16.993557644155775,8,3.0,1.0,0.9712051515449476,22.98133603680232
many_features,regression,deterministic controlled fixture,compact,43,420,24,,,2.8888160131960947,18.01171324050007,3.0,3,18,2.8581904994818417,17.468623537359157,9,2.0,1.0,0.9731063004074065,22.594160311116
many_features,regression,deterministic controlled fixture,wide,17,420,24,,,2.9185081167977707,18.57237682060659,5.0,5,38,3.5405695572410956,34.5378159480214,18,3.0,3.0,0.9724646312328226,22.779371562017648
many_features,regression,deterministic controlled fixture,wide,43,420,24,,,2.889914613081835,18.041092293307575,5.0,6,37,3.4974422815181936,33.155441016717944,17,3.0,4.0,0.9736530242525078,21.390211639660794
few_features,regression,deterministic controlled fixture,compact,17,420,5,,,1.3536618139109695,3.9155380756126363,,4,20,2.6756079663042427,14.600845822128663,10,2.0,,0.9899208207083436,10.658870091511876
few_features,regression,deterministic controlled fixture,compact,43,420,5,,,1.3096415400798578,3.7731239287537295,1.0,4,19,2.7403352725586836,15.555840890018153,10,1.0,1.0,0.9923629151876567,9.550654835078666
few_features,regression,deterministic controlled fixture,wide,17,420,5,,,1.419191434603995,4.161385779990084,2.0,6,40,3.3733096011747783,29.25539589227917,19,3.0,2.0,0.9903026832344423,10.574141023230899
few_features,regression,deterministic controlled fixture,wide,43,420,5,,,1.4058780258005037,4.111500471187359,4.0,4,40,3.360244815695973,28.892194674305387,17,3.0,4.0,0.9916851234314733,10.041902204409931
nonlinear_sine,regression,deterministic controlled fixture,compact,17,420,12,,,2.1860533008825667,8.965889814753139,3.0,2,19,2.842576987109363,17.18891828082739,10,1.0,1.0,0.6191765434183457,0.8649788349898977
nonlinear_sine,regression,deterministic controlled fixture,compact,43,420,12,,,2.133568616030135,8.606771849834255,,1,23,2.8533070246357686,17.408651862284234,9,2.0,1.0,0.7621321367745276,0.6637746403671607
nonlinear_sine,regression,deterministic controlled fixture,wide,17,420,12,,,2.2232997783641606,9.272331915784555,6.0,4,38,3.5912109153614136,36.308401848888856,19,2.0,3.0,0.6456765678841134,0.8490891587810464
nonlinear_sine,regression,deterministic controlled fixture,wide,43,420,12,,,2.1862765399995037,8.963265094991055,1.0,8,39,3.555435765178643,35.04423045559185,20,2.0,2.0,0.516927551747135,0.9252733796967629
interaction,regression,deterministic controlled fixture,compact,17,420,12,,,2.1421997973134745,8.599937249979137,,3,21,2.7989235619673116,16.486953730855433,10,1.0,1.0,0.7862442290019458,0.6582115140838881
interaction,regression,deterministic controlled fixture,compact,43,420,12,,,2.1721082992912373,8.837896846352303,2.0,3,19,2.918351277132287,18.57679903068097,10,1.0,1.0,0.861517377847353,0.5736441890241427
interaction,regression,deterministic controlled fixture,wide,17,420,12,,,2.21618372649148,9.20745874103661,5.0,6,37,3.5073537349173898,33.424487954773774,18,4.0,2.0,0.8473907584494049,0.6108657623993454
interaction,regression,deterministic controlled fixture,wide,43,420,12,,,2.2019423974823376,9.094436716954204,7.0,6,35,3.5587897259186256,35.18029772364688,19,2.0,3.0,0.8484303943484722,0.6072222605521684
heteroscedastic_noise,regression,deterministic controlled fixture,compact,17,420,12,,,2.2396311077452613,9.415889002878085,2.0,3,19,2.8652290979276196,17.574971892259025,9,2.0,1.0,0.7041037838877375,0.9893981549347041
heteroscedastic_noise,regression,deterministic controlled fixture,compact,43,420,12,,,2.2325648673038403,9.343019325144576,4.0,3,17,2.805368369421299,16.617420666073915,9,1.0,2.0,0.7659079057227426,0.9966942323132657
heteroscedastic_noise,regression,deterministic controlled fixture,wide,17,420,12,,,2.233481447391832,9.368592525477522,4.0,6,38,3.522858256695205,33.93642234151143,18,3.0,3.0,0.6952462780708077,0.9852972662222286
heteroscedastic_noise,regression,deterministic controlled fixture,wide,43,420,12,,,2.2352437577012294,9.387221362983588,5.0,4,39,3.518426392104542,33.80185217720903,18,2.0,4.0,0.7857944909675987,1.0049759800542013
heavy_tail,regression,deterministic controlled fixture,compact,17,420,12,,,2.1806429559376093,8.90382530278359,2.0,3,19,2.802597560725769,16.523877574405805,11,1.0,,0.954574928684887,0.6805839709110857
heavy_tail,regression,deterministic controlled fixture,compact,43,420,12,,,2.191932041031869,9.004614546429707,3.0,2,19,2.787428246766588,16.31426035058958,9,1.0,2.0,0.9826979203421584,0.6448489755780445
heavy_tail,regression,deterministic controlled fixture,wide,17,420,12,,,2.23590990551649,9.393599418181497,1.0,4,43,3.481690723232628,32.55910653055073,19,2.0,3.0,0.961206077329877,0.6138757312701413
heavy_tail,regression,deterministic controlled fixture,wide,43,420,12,,,2.2251715797007425,9.30570174594231,3.0,7,38,3.5143667045207834,33.6407152731639,21,2.0,1.0,0.983978863437963,0.5777085075472401
lognormal,regression,deterministic controlled fixture,compact,17,420,12,,,2.213174751674123,9.184023841360249,2.0,4,18,2.759608417728847,15.87137484898359,9,2.0,1.0,0.8256009764344815,0.3757764527164883
lognormal,regression,deterministic controlled fixture,compact,43,420,12,,,2.192089836483883,9.007913506360238,3.0,4,17,2.8633588989048744,17.562944745157854,10,1.0,1.0,0.8780115797287454,0.3343150962791796
lognormal,regression,deterministic controlled fixture,wide,17,420,12,,,2.1976555618889115,9.056284422736937,3.0,3,42,3.513208797310469,33.62744248727875,21,2.0,1.0,0.8564130104468021,0.34590086149745536
lognormal,regression,deterministic controlled fixture,wide,43,420,12,,,2.1846079416782107,8.93382397450179,5.0,7,36,3.4794073803484387,32.61716062029459,19,3.0,2.0,0.8880376173908643,0.3336997361936187
heterogeneous_scale,regression,deterministic controlled fixture,compact,17,420,12,,,2.1892270840223502,8.979450105308834,2.0,5,17,2.7829794411262245,16.21364910403974,10,1.0,1.0,0.9012009786696564,0.5386018145663004
heterogeneous_scale,regression,deterministic controlled fixture,compact,43,420,12,,,2.186909435734877,8.964401261501589,2.0,4,18,2.770858849698467,16.108324681176015,11,1.0,,0.9395028403180211,0.44210582314138136
heterogeneous_scale,regression,deterministic controlled fixture,wide,17,420,12,,,2.25232956151064,9.539712574982683,3.0,5,40,3.5021038190272322,33.270876787199974,22,2.0,,0.9075789336240888,0.5015373314592696
heterogeneous_scale,regression,deterministic controlled fixture,wide,43,420,12,,,2.2340516288034657,9.374295994263505,4.0,5,39,3.4932318075227315,32.93163241367525,19,3.0,2.0,0.9361814140201777,0.463086761415996
zero_inflated,regression,deterministic controlled fixture,compact,17,420,12,,,2.227732843521831,9.323479004957541,3.0,2,19,2.7585888928204585,15.82899201922469,10,2.0,,0.7511665367508905,0.49663607196044884
zero_inflated,regression,deterministic controlled fixture,compact,43,420,12,,,2.241875205372861,9.429640956106304,3.0,3,18,2.774364747347105,16.156590363511473,10,1.0,1.0,0.7674253339380003,0.4492544502618832
zero_inflated,regression,deterministic controlled fixture,wide,17,420,12,,,2.2467080291127206,9.506807270624176,5.0,5,38,3.534979976577383,34.35272759342575,21,3.0,,0.7321346393304315,0.5141287431744198
zero_inflated,regression,deterministic controlled fixture,wide,43,420,12,,,2.212118493106455,9.177172912462725,4.0,6,38,3.4827356729016725,32.6233486076382,20,2.0,2.0,0.756899236316357,0.4691734626279155
outlier_contaminated,regression,deterministic controlled fixture,compact,17,420,12,,,2.1720498948061766,8.84925873278698,2.0,2,20,2.766169010609057,15.941627221843214,9,1.0,2.0,-0.2155778188334474,1.4619437298308577
outlier_contaminated,regression,deterministic controlled fixture,compact,43,420,12,,,2.1007759430300976,8.229595685342373,3.0,3,18,2.822821145642173,16.909891448723403,9,1.0,2.0,-0.03399035139865547,1.1341775834501617
outlier_contaminated,regression,deterministic controlled fixture,wide,17,420,12,,,2.121878204248482,8.41990575539004,2.0,4,42,3.463905429267459,32.01179773021932,19,3.0,2.0,0.1116440158171772,1.1790313063397035
outlier_contaminated,regression,deterministic controlled fixture,wide,43,420,12,,,2.131510383046818,8.549493587604566,,5,43,3.4743151450035135,32.37221145051059,19,3.0,2.0,0.4003817996158163,1.0277427798450107
missing10,regression,deterministic controlled fixture,compact,17,420,12,,,2.2446686357711374,9.467379000591608,2.0,1,21,2.7993709159782263,16.513441384325255,10,1.0,1.0,0.8917911157143595,35.41890441156017
missing10,regression,deterministic controlled fixture,compact,43,420,12,,,2.205054214875032,9.111727388242407,3.0,4,17,2.7744594695638365,16.060265101782193,10,1.0,1.0,0.876984083898144,39.23134028974547
missing10,regression,deterministic controlled fixture,wide,17,420,12,,,2.250989848867423,9.524482702076483,6.0,4,38,3.5616428482681926,35.272813131889464,19,2.0,3.0,0.8859673678613825,37.09179953202601
missing10,regression,deterministic controlled fixture,wide,43,420,12,,,2.22908882146848,9.322535101239188,5.0,3,40,3.5286245165245673,34.140571057663784,20,1.0,3.0,0.8592152947457994,43.792190217969576
quadratic_mix,regression,deterministic controlled fixture,compact,17,420,12,,,2.1934302563764017,9.030047713050404,1.0,4,19,2.848122782685198,17.298104277975515,10,2.0,,0.8932271983106471,0.4372211394511111
quadratic_mix,regression,deterministic controlled fixture,compact,43,420,12,,,2.1640206915718814,8.779522742888606,2.0,3,19,2.809157415892468,16.655182269277955,9,1.0,2.0,0.9113200942979243,0.3865653875721173
quadratic_mix,regression,deterministic controlled fixture,wide,17,420,12,,,2.189419138184737,8.980731961396046,5.0,4,39,3.4725581971066455,32.355760328805346,21,1.0,2.0,0.9267538542634283,0.36765101240517634
quadratic_mix,regression,deterministic controlled fixture,wide,43,420,12,,,2.227651150747255,9.319706620436142,3.0,3,42,3.5171138991090376,33.72673575934259,17,3.0,4.0,0.9224421634291626,0.3663533987392882
