x1,x2,x3,x4,x5,x6,x7,x8,x9,x10,x11,x12,target
0.263381135,0.1805791199,0.05256550718,1.471153338,0.9738260139,-1.259721177,0.1868622978,0.9855010862,1.909923564,-2.221945469,-1.276479808,-1.746546417,-148.5636159
-1.747056465,1.064583773,-0.6438083034,-0.7461891014,-1.46247176,0.6385053731,1.122981442,-0.6376456709,1.39016005,1.772410109,1.244666155,0.4432438445,113.4836795
-0.2612549092,-0.6499091139,-0.4558708861,-0.5400203793,0.9379982484,-0.2972991111,-1.270183875,-1.977113739,1.334274529,-0.8100067625,-0.9601487298,-0.4457286191,-70.43485104
-1.109586005,-1.064147217,-0.1677176102,1.505406377,0.9443647408,0.9961452708,-1.735045477,0.2245358745,0.1901283393,-1.111297302,-0.5344870869,-0.7526163164,9.748492308
0.1299620171,-0.4458699004,-0.1287889015,0.3086314389,0.09858596473,-0.1812746288,0.5237529525,0.1065280372,-2.436135282,0.7620910468,-0.8844215753,-1.229965223,-63.55608483
1.619291669,-1.244408424,1.002427377,-0.228411478,-1.500849407,-0.5753885146,0.6492932847,0.164402057,0.2371581338,0.55417729,0.6157729178,-0.6455941644,10.46963686
-0.3796584587,0.8098191387,-0.1037003962,1.129475858,-0.7450698161,-0.4239562133,0.20524358,1.028913964,-0.2394410824,0.982287018,1.051779084,-0.3272306204,44.42516786
-0.3030809463,-1.506930703,-0.757298176,-0.3989575203,0.3026904681,-0.2406391402,0.2379267732,0.2356707037,-0.2818360482,1.803289049,-0.9397477168,-1.309958622,-75.34107506
1.329347445,-0.3259544245,-1.04239396,-0.2541327758,-0.1794824682,-1.229071972,-2.570823484,-0.1216434203,-0.3086635442,0.5540315226,-2.234173317,0.1671423047,-199.8555735
-1.766249274,0.2257580945,-1.603181366,0.2295943643,-1.314255417,0.6848787142,-0.1089461933,1.448438347,-1.134037016,-0.1997184017,-0.2976075722,0.4624112877,18.04085249
2.055679293,-0.1820594693,-0.8081095898,0.6262631107,0.9234317295,-0.380952327,0.1907617675,-1.495996465,0.3225315188,-0.489673332,-1.455860381,0.1174150974,-102.1790782
-0.5597848105,-0.6067916239,0.3160355813,0.1117464592,-1.04676237,-0.6808200244,-0.3799775458,0.44990693,0.1343812401,-1.201061898,-0.1870445299,-0.642471484,-17.93335759
-1.15238063,-0.385629437,0.7765382792,-0.8548480436,0.3392314382,-0.7311514403,-2.113840484,-0.7883988331,-1.399063824,1.088109858,0.007789309181,0.192556357,-47.98618069
0.0007755132106,-0.3829009351,-0.5876064381,-1.156828844,0.8651770908,0.6353632797,-0.3613647592,-0.36297168,-1.132829994,-0.6431419651,-0.1406206115,0.169840984,28.34579212
-0.03215297628,1.797674241,-0.9163817229,-0.01479023603,0.007015716902,0.1985204683,-2.953425267,0.06005350394,-2.711539332,-0.07524757409,0.09463799134,-1.163481597,13.94472327
1.022574043,0.3302815084,-2.60351919,-1.137487703,2.243630418,0.05414498246,0.8877214787,0.4285157364,0.3815099359,0.8434461466,0.382694547,-0.3877896019,12.51829139
-1.219168687,-0.4244393259,0.7188881105,0.2809098975,-0.7568999529,-1.137744139,1.323518633,-0.01379883955,-0.455685795,0.6462148102,-0.4821993855,-0.3765312542,-96.73250134
0.2047850248,-1.07674605,1.150408955,1.015556947,-0.3553845595,1.218987292,0.5118549212,-0.08778689501,-1.016027097,-0.7323097803,-0.3154726221,0.1597689846,24.39123943
-0.1706083606,-0.8339271518,1.659420266,0.7385040166,-0.7635232946,-1.715434735,0.7350238594,0.4275796917,-1.213652962,1.24550327,-1.016150842,-1.106022748,-146.9623863
0.5647213473,1.755276648,-1.799985624,2.815922418,0.7462941857,1.331208115,0.5478292925,-0.4869276238,1.016089937,1.316642434,-1.855485617,-0.5830261759,-50.08295485
-0.6533034195,0.9332764941,0.0313320098,-0.5713519006,0.8611466325,0.04036440251,0.4569153807,-2.083243641,0.03462338176,-0.1521673233,1.329518008,-0.4898294439,75.50587776
0.8891996711,-3.446905592,0.3627387322,-1.130052696,-1.428596947,-0.2852388766,-1.162183005,0.01586086493,1.990237785,0.1940936774,-1.124253038,-0.009752542892,-77.14523738
-0.5367317094,-0.902555722,0.4058345438,-1.834228054,1.334082323,0.5214684781,-1.263599065,-0.9167910994,-1.564768519,0.5632798478,0.1596270819,1.176278895,32.51928273
-0.3305008023,-0.0690386157,0.1212239205,-2.70376736,-0.4926379435,-0.9418766593,-0.1129474024,1.069186491,-1.021078341,-1.157910945,-0.0355304737,0.771001668,-34.12531996
-1.007460958,0.7214196405,-0.3860740066,1.090485545,0.588424636,-0.09124690607,0.1546281514,-0.8615108786,0.7402374295,-0.4296813658,2.079548121,1.557066159,123.5616478
-0.01158746771,-0.5755831056,1.178905122,-0.1981142377,-1.487868201,-0.0954740075,-0.3357917579,-0.5070022616,1.733783037,0.290440478,0.01152454592,0.07025028933,-17.3128438
0.4932357461,-0.07310509786,0.05587143434,-2.898211276,-0.1284571343,0.8432839388,1.669250173,1.120407171,0.3839091207,-1.336736156,-0.9433158186,-0.3384375816,-19.06108169
-1.703652275,0.5580808046,0.1080995318,-0.488567216,0.0868716635,-2.038655127,1.051369742,-0.7625389978,0.09574557446,-1.004266242,-0.140197745,-0.1510451946,-88.37185213
0.8788090881,-0.7672127148,0.9094874948,0.6762671419,-0.960928283,-0.9642642983,0.4663421961,1.360859018,0.5762521033,-0.4745169043,-1.153200792,1.164760422,-112.5264789
-1.754162297,0.07645644306,-0.4023826078,-1.156034499,2.503542676,0.77219621,-0.7867057439,-0.9178718863,0.8667879932,0.7832389255,-0.4464135364,-0.6708616276,6.993029544
-0.7107056583,0.9535255415,-1.383144689,0.0769937487,0.5146380432,0.9000034668,-0.2140250653,-0.7699279291,0.4870325538,-1.879899736,-0.2395108437,0.5891808752,22.47021947
-0.4011123361,0.3215415595,-1.79374365,0.9201808659,-0.3571651579,-0.7883072234,-1.069971284,0.178170716,-0.3655595775,0.5874356581,-1.238399068,1.66696856,-105.3752077
0.2206984965,-0.6747763533,-1.993898977,-0.7478755747,1.057414843,1.729619364,0.5926144498,-1.895819041,-0.7750390737,0.3600398667,-1.285302523,-0.2260486175,-9.972173261
-0.1544699401,-0.7812108784,1.294834372,-0.6727465147,0.7076086258,-0.4537886545,0.7137574778,-0.6693867864,0.6005628925,-1.449309856,-0.6644042253,-0.899475275,-53.8014519
-0.9401815517,-0.04714278358,-0.9860019956,0.5251993327,1.018079536,-1.125885582,-2.521961089,0.1948691834,1.379650871,-0.316812751,-0.07111871985,-0.4826559085,-59.95641522
-0.9292088887,1.978900796,0.1952421866,-1.394860962,0.9272244053,1.115492079,-0.5703306176,-1.663560244,-2.0046865,-0.1515733922,0.09248346985,0.3313382559,65.75265629
0.1853801459,-1.304248521,-2.219632552,-0.5572085206,-1.711498402,0.365459526,-0.7389740377,1.084849729,-0.02776902035,0.3919468305,-1.469338384,-0.01222105567,-78.83248653
-0.9679837086,-1.256818903,-2.19814616,-0.5311266339,-1.347993136,0.3314395603,1.505103306,0.1492946895,-1.335096166,0.3651740471,-0.5332627046,0.7038773793,-17.08838915
0.489505399,0.00904843746,-0.1146058179,0.8668440096,0.1691366555,-1.568016996,-0.3017597646,0.9572997631,-0.2962481596,0.7408513716,0.7402280183,-0.133008902,-32.48738466
0.8793737693,0.1073651548,-0.01562703078,-0.3796571301,0.09305768211,0.2350039335,0.6976455965,-0.03763323485,0.190229055,0.8945215156,0.4369064174,0.822944844,48.45492764
0.9080287041,-0.5871045382,0.3351554568,0.7677817503,-1.351116453,0.8284914931,-0.02327962741,-1.425395832,-1.118544243,-0.08077243356,-1.013486345,0.1380551843,-18.50524857
0.4404961722,0.01806446218,-0.6015720499,-0.6742676408,-0.8573119956,-3.186051305,0.5134638151,0.9305934048,0.1582674992,0.2637058499,0.3985445034,-0.03080198669,-117.5199702
0.2456065629,-0.2468686894,-0.2298080035,-1.924874486,2.065459376,-0.4525913762,-0.3063315007,-0.8321029606,0.6871410595,0.338446621,1.317121235,0.4159072947,56.69636401
-1.424671193,-0.0311687058,0.4038425629,-0.03517330229,-0.9204265878,-0.1210455662,0.5143619408,0.2853798953,1.812971988,1.240829452,0.4088735792,-0.1912636495,26.33367981
-0.7731763077,0.4421314616,0.9948076764,-0.09607847873,-1.411890159,1.268026275,1.158610434,-1.317391217,0.4212042542,-1.496948527,-1.225296861,-0.370075258,-12.53301674
-0.575121768,-0.8125565101,-0.825035126,-1.273025154,-1.549096362,0.4169220038,0.1745308212,1.867886351,-1.403685871,-0.7810356365,-0.4364416799,1.149956584,-18.54738199
0.5741760204,-0.5681840822,0.7044420884,0.8406210006,0.09649374448,0.3713081123,-0.04269895385,-0.8238573121,0.1061341234,-0.2754378061,-1.855236691,-0.2324034599,-97.75343006
-1.596785786,1.028373432,-0.6475040669,0.1666473376,-0.9512161517,0.05789766088,-0.616942357,1.589072745,-0.6998682651,0.1475279738,-0.1086808507,2.113914364,3.912235922
2.106041211,-1.64002845,0.2761038504,-1.209380904,-0.2009027399,-2.076079752,-2.782390401,0.8014989171,0.6428866179,-1.154966984,0.1791846729,-0.196989673,-85.25855452
-1.767947804,0.429918133,0.5237868875,0.2552062525,-0.6596916182,0.3169726618,0.02061012076,1.207653265,0.4572324713,1.005501701,-0.3240844177,-1.705459161,-6.066698991
-0.7646688693,1.499838745,-1.881498651,0.83500919,-0.3522551884,-0.2091726257,-0.2064840996,0.8597149437,-0.1794305426,0.7808120318,-1.154222737,0.003428849931,-79.56032923
-0.3611951574,-0.8196371007,0.6964505363,-1.095705535,-0.2101524326,-0.9727788136,1.705902158,1.68791654,2.490824451,-0.4682946619,-1.267270114,-2.01353469,-133.5617327
-0.7578725052,-0.5058449145,-0.2192404861,-0.5323840093,-0.0286469035,0.0445248077,0.7962126304,0.2525914152,1.171661583,-0.06347499988,1.592416721,0.04865943505,120.1180577
-1.991865674,-1.515755535,-0.8174190049,0.9492369433,-0.3393782516,2.539967491,0.8762527711,0.209980662,1.142103396,-0.3269081047,2.163353632,0.2176804597,252.4035091
0.338754302,0.4311905914,-0.1655077105,-0.1308500532,-2.067782317,-0.01962866488,0.2155807922,0.4575895163,-0.3926088759,0.4011572474,-0.7811859905,0.4014059689,-46.07398565
-1.919695811,0.6048289488,0.1439762432,1.245129609,-0.8781610611,0.3097927653,0.1574559801,-0.2642864575,-0.4991042441,-2.30706842,0.6751332757,-1.302328744,59.13271129
-0.6504428758,-2.197877139,1.223812559,-2.170230497,0.2390329512,0.4091835193,-0.9520108475,1.364326722,0.5959411077,-0.6429039115,-0.9183366775,-0.4811325249,-44.10835829
-0.3663997118,2.322021245,-0.5186145354,-0.9196471101,-0.8871993275,1.005077628,0.07592305446,-0.1251224943,0.7544935296,1.607000789,-0.5947727977,0.5003378806,24.96199368
0.07476239078,-1.083969323,0.8387541927,-2.634826044,-0.8289878176,-0.165727809,-0.08968596466,0.4748807357,0.3323345976,0.4812505997,-0.3942789546,0.8586607022,-40.42410622
0.8040533373,-0.2397657546,0.3795136595,0.1717532702,-1.294380747,-0.6845311948,-0.3505742118,-1.068044626,0.4192907846,-1.135967269,-0.4945895345,0.4131509285,-69.69816747
0.3923429549,-1.392509805,-0.7766918186,0.3074906188,0.4416426288,0.5552649266,-1.028278336,-0.2153012122,0.1359243539,-0.7319345468,-0.3790353893,0.2611897255,12.15447258
-1.159571547,-1.40206275,-3.262040028,0.9158616125,-0.343443983,1.016063603,-1.200342446,0.4620199394,0.6734853941,0.3024288129,0.8013377748,0.2484738729,89.80289459
2.223577754,1.033337425,-0.3596406617,1.045567975,1.923605161,-0.1489738215,0.07344399841,0.4708806043,2.633475286,-0.1917405247,1.385990792,-0.5360987772,73.16537786
-0.3656927369,-1.104917396,0.3885796373,1.570161324,-0.4695821935,-2.650237698,0.6798201902,-1.332788372,-0.2508256391,0.2947278866,-0.4993850872,-0.4025486042,-148.7257917
-0.1236703465,0.965146012,0.5304113074,0.7226740824,2.012036708,0.5409174112,-0.9323438884,0.299813709,1.016435378,0.7278113965,-0.8079206343,-1.431451042,-17.64596873
-1.735692159,-0.3138452116,0.5259323366,-0.7469620818,2.032103563,0.6047831034,0.107063605,-0.1953681964,0.5398382852,-1.561874,-1.331129955,1.102658603,-63.39463646
1.490270744,-0.4571731431,-0.6518150883,0.3911427116,-0.9481447138,-0.6689954488,-0.2026774473,-1.544797842,-0.8093845964,1.934567039,1.977461717,0.9308729126,104.9165737
0.5718642481,0.6997424618,1.425130248,1.570524513,-0.3498824172,-0.4919706908,0.3300751383,0.3545516206,-0.06742983482,3.54227794,-0.4950590888,-0.5133610732,-52.97404879
0.48427561,1.494213414,-1.48542511,0.3550549592,-0.3258352946,-0.1973442805,2.083483424,1.916018097,-0.513404082,0.1528630214,1.70884548,0.6152574696,104.5129965
-0.5967406228,0.3789228477,0.1817721781,-0.5532901703,1.773349163,-0.1919721036,0.286367438,1.755255004,-0.5760334476,-0.4727284574,-0.4661274612,0.5161558623,-40.51693123
0.4209302905,0.2278516755,-0.3431919485,-0.5380696246,0.2289806175,-0.815532776,1.218223883,0.184685766,0.1054921215,-1.005065101,0.5462423046,-0.7362470051,21.16858382
0.9463178193,0.6960575198,1.689505698,1.294512729,0.300681349,-1.290680118,1.411254535,-1.272426335,1.73600678,0.7992067709,-1.341028518,-0.6510441965,-134.5354387
-0.8162474832,1.114091379,-0.3090577596,0.4632682571,0.2603316987,0.6834921047,0.7961297677,-0.01447589474,-1.344374965,-0.07668672971,-0.1569523308,1.026433239,7.190488779
0.3785375395,0.6065961483,-0.132505198,-0.6663341759,-0.4694186318,-1.906361354,0.1414310152,-0.5920123232,1.019485724,0.8785562641,1.430251969,0.2059883984,-1.620471313
0.1104088256,-1.50851963,-0.4482770113,0.879889308,0.9115008769,2.213009872,-0.9874303297,-0.6512906331,0.9128411061,-1.745336632,-2.112257262,-1.024393647,-23.27891396
-0.09496322293,0.3464184689,-0.2505884053,1.704255836,-0.3264472644,2.04962608,0.9679753317,-0.2954331537,0.649420987,-0.5083246955,-1.275075228,0.3285194617,9.826005468
0.02309739269,0.8568530107,-1.174939567,-0.4664850783,0.03267457323,0.707036202,0.4398090129,1.413613192,-0.4721796307,0.5754494026,0.5254577316,0.4943754212,55.43571626
-1.513226927,-0.1670096243,1.656631842,1.293666053,0.01603259556,1.42073994,0.6105839082,0.2881175313,1.104033639,-0.9549542504,-0.7246754724,1.49151238,29.342702
2.521151006,0.3700597001,-0.6604116077,1.36371294,1.79225728,0.5790511628,1.171038092,-0.6540050537,0.7246230001,1.177451545,0.6046977211,0.3283569063,50.34821752
1.183380366,-0.5810067167,-0.4986979519,0.9858302365,0.4410993431,-0.7916238482,-0.2394605747,-0.07600972161,-0.9877674721,2.102885185,0.5396354969,0.8335474881,-4.361922364
-1.706896233,0.4810999678,-0.9975635224,0.1382746255,0.07311885469,-0.43520071,0.1370446707,1.030196976,0.9655357292,1.236021313,-1.728025953,-0.1846647357,-138.1356225
0.6334335996,0.1889398921,-0.3284689811,-0.02899357835,-0.5251571305,0.01038456671,0.4330711826,-0.4846964577,-0.12145319,-1.271896227,0.642303725,0.4207433497,64.82653657
-0.2768731256,-2.444021262,-0.4055363887,2.139144935,0.5573084049,-1.132237682,-0.0193700445,-0.4558468831,-0.9479689043,-0.3578364604,-0.7199005074,-0.9243370905,-102.9115807
1.042429558,-0.2741023813,0.630725371,-0.826951296,1.198569227,0.8482880233,0.2491228987,-0.8586902383,-0.461924626,-0.1949994737,1.520486238,-0.91302148,155.0260008
0.5745339156,2.147151058,-1.457718745,-0.4238043242,0.2458757641,-0.3025395723,-1.692472245,-0.05167320932,-1.114400136,-1.344216568,0.3513423686,-0.4361584333,13.97729803
0.1054555577,-1.462906408,0.6075384916,-0.8000252505,-0.4096128399,0.8297880228,0.8055731487,0.7861921897,-0.2410242952,0.336800831,-0.286145375,-0.4768776744,36.98290383
-0.5265110522,-0.3867589481,0.03241925101,-0.2529187794,-0.03593251014,-0.3798643615,1.694615413,0.5985123296,-1.479977951,-1.048400134,-1.947817253,0.133830964,-121.9351005
-1.487037166,0.5347760082,1.370596245,-1.249068583,1.064088457,-0.9582559509,-0.1584198547,1.321059172,-0.1526939604,-0.05066387093,-1.516002413,-0.08467098745,-143.8805126
0.7901741787,0.6048066561,0.9383144195,0.5555219054,2.403084845,-0.07738052411,-1.433554404,0.7324982741,0.639456638,0.3136538825,-0.3185770788,-1.777687369,-36.61174666
0.9453080156,0.2767896395,0.3589891858,-0.8833645671,0.06263415695,0.5956907084,-1.103685674,2.485230296,-3.826053764,-0.1566806381,-0.02499463729,-0.9193965082,36.73790734
1.808052824,0.1308563985,-0.5695815923,0.5984504137,0.2916884633,0.3783406684,0.7152146439,0.4969762724,-0.8470510653,0.2470387123,-0.4868465643,-0.714105966,-12.38728874
2.340919184,1.911573649,0.4815348189,-1.726159619,0.2826014324,0.6217819782,-1.012517975,-1.913917049,-0.004008537951,-1.429840363,0.552959879,1.008118128,65.51277746
1.959068258,-1.978379374,-1.120585547,0.1413802822,-0.3203939418,-2.198013088,1.165971262,-0.900630655,-2.316868873,0.261417964,1.881803346,-1.17161435,8.060568755
0.8008247086,-1.267307471,-0.7707795978,0.4909920516,0.4070003908,-1.013884777,0.1307739924,-0.2263475491,2.07194354,-0.6564451316,0.707714153,0.3251696881,-3.552215883
0.2519762117,-1.05526157,0.7899972018,-1.613136721,0.1406717352,0.8939807333,-0.1263578218,-0.6425466587,0.3336630019,1.300843124,-0.6458079882,-0.3735124102,4.04726635
-0.5887429949,1.935689667,0.5557763249,0.5774436377,-1.913831815,-0.1779647218,-0.6279990268,-0.4375304627,0.9250835026,0.4837639566,0.0047332444,-0.6577687948,-1.171894137
0.4095782895,0.8085933543,0.1173225096,0.0852424486,-0.02557489244,-0.6988288596,-1.976966382,-0.2528169181,1.518225363,0.5150632242,1.128624408,-0.736717133,33.09233892
1.426923925,-1.380623412,1.303776273,0.3593681281,0.3205621855,0.05148389175,-0.5020831221,-0.3559980037,0.8226497098,-0.3239509929,-2.076799893,0.02527344768,-134.7340866
-0.7323471416,0.2594018098,1.169325646,0.4191727047,-0.05687203975,2.035687799,-0.05377951732,1.697575147,-0.8203301447,1.395130069,-1.058135001,-1.015367463,31.6966913
-0.5071148173,1.162535591,-0.6495714871,2.088544217,0.7602261765,0.1500897561,-0.2570087528,-1.257391472,0.4573498429,-1.582979143,0.1075140406,0.2960478948,19.80922015
0.257059958,0.3925479599,-1.352762227,0.77587515,0.955416325,0.2413857324,1.763546815,-0.4013782588,0.427586295,0.06251112445,-0.9691728623,-1.456832507,-55.49618747
-0.8313735365,-1.720964675,1.233195022,0.1564225322,-1.816365314,-0.316608993,0.4694322488,0.03325680672,0.02428112839,0.2255606165,-0.9642130792,0.2530956723,-80.25888624
-0.1748991564,1.335404536,-0.3984463598,0.1965389925,-1.18374352,-2.218930993,-0.04812037481,-0.1520595204,-1.157549395,0.4638165959,0.1614815901,-0.6350167114,-84.86796087
0.1076197264,-0.9358064327,0.7490473715,0.702673076,0.7634955006,-0.1735622752,-0.9583824343,-1.660541975,-1.35078461,1.611816056,-0.1393315688,-0.5424568354,-16.38454178
-2.566462366,-1.391557465,-0.006826162766,1.340615329,1.47484909,0.7467409305,-0.2188014459,0.6606611555,-0.5466470448,-1.97275422,-0.2916155003,-0.2262242538,14.69008047
-0.4687830937,-0.1577145189,0.7113584604,1.469506863,-0.7568066813,0.3022712571,-0.9047185164,1.373273565,-0.04124878408,0.9271930905,-1.948394957,1.526917315,-122.4670886
-1.870652907,0.8420485628,0.04628079529,-0.1687781455,-1.388359552,-1.356791393,-0.3893010024,0.1580614074,-0.6371157544,1.569061425,0.2802479296,-0.3254078266,-49.25413691
1.18038153,-0.7227969895,0.09131546996,1.379116567,-0.02354803808,-0.2228408837,0.391826594,-0.8919440558,1.029192625,-0.3882577021,-2.885365568,-0.8165317288,-208.7925996
-0.01294018565,0.08640699391,-1.308735523,1.443435737,-0.7761416691,-0.2280918964,1.159905992,1.260251819,-0.09941939207,-0.4948464208,1.027714775,-0.3619153582,50.31435983
-0.2644675015,-0.1096092522,1.607000325,-0.1018588374,1.098129277,-0.3095714928,-0.1382662281,0.1409291621,0.05794172144,0.5799166731,-0.1517735158,0.8873133939,-27.37465243
1.156593725,0.7256525511,0.8606312415,-0.09093388916,0.8691588464,-0.3838117704,0.1651534574,-0.7010918741,-1.447357255,0.6589852072,-0.01068612013,-0.3064125946,-17.73243355
-1.086642708,-0.7727589468,-1.133647937,-0.2976293277,-1.711634379,-1.45266104,-0.613813967,0.4098199807,0.375102735,0.752435982,-0.8253290106,-0.9090383204,-113.5128653
0.2764818279,0.3066261981,1.270448657,0.8160837964,1.179554735,0.2801557531,0.2028891085,0.07480009672,-0.8576105974,-0.8916506555,-0.5905072159,-0.9533492391,-28.44498208
-0.6081840753,0.6079808199,-1.55142559,-0.04559540723,-0.7365456384,0.4870040423,1.581983594,0.2230610223,1.9357281,-0.2765810546,-0.771535213,0.1246145383,-12.548132
-1.702990542,0.4131473217,-0.9020850986,0.7974774803,-0.2340634758,-0.9884582476,0.3471300431,-0.3305105873,-1.277495029,-0.7784035405,0.1967729254,1.19572619,-17.27458451
-0.8275338227,0.9656611419,-1.429035827,-0.3613544242,0.9955182246,0.9091508047,1.081216305,-0.7158793446,-1.692588499,-0.3573586342,0.2140599031,-1.468606106,53.50531292
-0.9407713927,0.4209269944,-1.773488288,1.371015176,-1.151751899,-2.099252979,0.1738561982,-0.4091356298,-2.032551321,0.4063791618,-0.7801373079,3.076105854,-137.0937181
-2.640728584,-0.9525643198,-0.7834710989,0.4800336404,0.3119383432,-0.3975293892,-0.4739373875,0.9296438596,0.2726453107,-0.4976374394,-0.943957424,-0.812700819,-76.38580997
-1.009237909,-0.5859789988,3.450738872,0.8214926026,-0.8074918141,0.4508026998,0.6262972633,-0.3291698143,1.235784742,0.4123092388,-1.019209464,2.207790435,-26.57209466
1.072114608,2.303113503,0.7608960436,0.8644000671,0.5372056383,1.274267395,-0.5696951612,-0.5873293556,-0.1852741124,-0.4943924251,0.3033078852,0.3795948819,59.70197025
-0.5235443475,-0.09846773865,-0.3566738059,-0.8111095064,0.9297457087,-0.5659401125,-0.003258993005,0.4815038799,-0.7548157272,1.748235779,0.0940337871,0.8838471021,-8.394718321
-0.6424832014,-1.070644189,0.06381175042,-0.7472909136,-1.166961135,-0.6038456329,-0.2356484266,0.2971906323,0.8136328907,0.6742789305,0.2321101364,0.8536053062,-15.02343688
1.606443067,-1.353835825,-0.04261590841,1.027817346,-1.758785895,0.5704415834,-1.791321307,1.308018874,0.6522782688,-0.8866593733,-0.242909731,-0.9858861451,2.86339885
-0.7075858275,-0.4741479275,0.04629915001,-0.7717422784,2.214906078,1.868180031,-1.090246492,-1.400837496,-0.3164123813,-0.4346204998,0.6461948261,0.3068029778,109.3248303
-0.02467790094,-1.59418943,0.9231047797,1.617099864,0.6700674532,0.8170187746,-1.847261601,0.8975642109,0.3244720117,-0.1148266139,-1.406557506,1.142661843,-63.89127135
0.4639208657,-0.3751000946,0.3423173517,0.435918714,2.111284332,1.212721575,-0.9198313926,-0.9229163083,0.4082140629,1.139864194,-0.4536440826,0.1610068555,37.41599198
-0.4511871619,-1.084328562,0.955114995,-1.538171905,-0.5365087289,-1.264133087,-0.574293465,1.48235508,0.8941776693,-0.3258624856,-1.30239574,-2.068285105,-129.8813911
0.70787705,0.4466183496,0.5326631586,-0.7156578305,0.7045347529,1.637926359,-1.3610138,0.00688880189,0.2590070488,0.8175272503,-0.1237747708,0.2579877113,65.97714475
0.8957137678,-1.162232149,0.4488045093,-1.544282068,0.3271042374,-2.465281751,-1.351713665,1.651355955,-0.2073686443,-0.2933652451,0.2867940869,-0.06849061198,-100.8814207
-1.314430226,-1.739741613,0.3003714273,0.682349546,-2.358970847,1.481165299,-0.6371117017,-0.09859255946,-0.4201707608,-0.3525297309,0.6162650179,0.1945705183,121.7737813
1.413799232,-0.1967876856,-0.2170783863,0.03497624732,-0.4788464294,0.12752745,-0.3368808177,-0.180243193,-1.546285784,1.511308708,-0.1066897894,-0.286721502,-16.41199015
-1.32136021,0.02379720484,0.1947714899,-0.2016556282,0.728899661,-0.1945811542,-0.1483717683,0.75145946,-0.329662308,1.567131907,-0.8694962441,1.859445654,-65.43858754
0.2571507593,0.8959162921,0.1139219692,0.1924007762,-0.08456354868,0.1938667375,1.849928507,0.006472225157,-0.6014776692,-1.64753339,-0.6534439164,0.6565526677,-31.40580781
-1.803287805,-0.8475034661,1.469156842,2.466509194,-0.8808682859,-1.063204948,0.1450246862,0.9458968611,0.573922522,-1.188992723,-0.8389627888,1.407934318,-92.0959057
-0.06403689418,0.3340412667,0.5318006847,0.7594377491,-0.03929919105,0.7623656348,-0.5712734224,0.717937291,0.9778560703,-0.02549637144,-1.717088288,0.7439301148,-68.667653
0.1728876428,-0.1149360998,0.1256066471,-2.218553194,-1.116541024,-0.2811103924,-0.1857406115,-0.941499726,0.6994243156,-1.046407949,0.172093537,-1.357438938,1.498157928
-1.121405308,1.163713847,1.595522423,-0.9556085428,0.1697551603,-1.16071392,1.505345743,-0.7715861033,0.07389556794,1.130998723,1.070056295,-0.07994727318,23.41405342
1.371761205,0.07235978822,-0.4364523312,1.99653979,3.68802414,-0.7272757013,-0.4705231767,-1.940299191,0.0743754063,0.4608784388,-1.16128808,-0.2270544509,-98.82037335
2.283371145,-0.3547695611,-0.4864267481,0.7406123374,-0.1204136374,0.8367704139,-1.218551202,-0.8344541216,1.373408155,0.8849444697,0.1527602762,0.6829708782,61.89603625
0.1069067754,2.022881676,-1.179048703,0.4252781229,0.8391923751,-0.8789560129,0.07548103253,-0.1642002395,0.6297836685,-0.2246689264,-1.513262458,1.195294284,-129.2429693
-0.4722601574,-1.892107407,-1.159536032,-0.8535098653,1.888434984,-0.4217192242,0.009557680388,0.1906371068,-0.06490341983,-0.1942540871,1.632573363,0.05161035392,80.09262382
-0.9140350734,0.3948254042,-1.50303487,-0.8769703476,0.4754303275,0.4413994028,0.5267026958,-0.5268145831,0.2666154204,0.6815576293,2.335275578,1.007885526,169.8782932
0.0715406389,1.072900264,0.6770924823,0.1126575234,0.1959494097,0.1475114622,1.440993259,1.26759651,-0.774332202,0.782285946,0.1258641869,-0.1119550463,16.05967899
-0.9086245098,-0.7226204822,0.1978496794,-0.4047500005,-1.813682169,1.862076378,-0.9181978475,-1.352345842,-0.163449803,0.6321077186,-0.4352372715,1.048899509,26.82063161
0.4124379574,0.6966438066,1.493668988,0.2850814705,-1.347157225,0.2224316703,-0.4090804778,-0.02827142324,-0.1547391972,-0.7296815413,-1.010630071,0.7305783307,-52.61521699
-0.9239920308,-0.5257978519,-0.4217575173,-0.911173191,-1.933148969,0.3500036711,-0.9509460505,-0.7200532105,-0.9268309629,-0.01579833565,-2.270707348,-0.3508474438,-124.4559235
-0.5776835689,0.2756681655,-0.1708986344,0.6684398857,-0.7949995442,-0.4603484757,-2.078882949,-2.539603053,-1.362279852,0.4940883723,-0.5218464655,1.146437681,-66.47066242
2.06803627,0.1429613801,0.7723604941,-1.100874816,2.182962322,1.832168021,0.1298090801,-0.6156943733,0.4943754583,0.01706345655,0.599875091,-1.310128091,128.8133449
0.5200223789,-0.02390854624,-1.204668062,-0.03794173512,0.2707095134,0.6971954063,-0.9762601497,-0.3318622012,0.4785574964,2.265885423,-0.03065884167,-0.03825260813,21.1115107
0.1459021931,-0.8238167135,1.544298842,-0.2066549437,-0.2104945571,1.021907754,0.2486014889,-0.2688608852,-0.7016619022,-0.8080038466,0.3053531453,-0.6732718439,61.75944655
-0.4296514906,0.3937633795,-0.8936140837,1.866098048,-0.4647706668,-1.006962702,0.3946165768,-0.04811160184,-0.6414974256,-0.01812839712,-0.6677161556,0.06391559944,-95.15338428
1.227843597,0.8100035993,1.496944346,-1.233416789,-0.945434361,-0.3477364289,-0.3874907399,1.428664794,-1.272829892,-0.4176723657,0.3328486484,1.401021366,7.199965593
1.6202699,-1.380406445,-0.02029394909,0.5395044678,-1.173462631,-1.800880292,0.1440981949,-0.5975356685,0.02484272908,1.901386737,0.1294317482,-1.707904798,-69.38450811
-0.07022209491,0.5148863693,-0.1864584397,0.285417912,-0.1210281534,-0.5936729885,1.180537024,0.3525576525,-0.5462732837,0.3570897486,-0.02396765187,0.7633056273,-27.12859942
-1.279406432,-0.3813950313,-2.136159716,1.059642237,-0.3649125435,-0.1769897534,1.017034627,-0.09091443251,1.133075921,-0.5417300587,1.000020638,-1.033552144,66.16375746
-0.8681790323,2.074674126,0.619600351,-0.7362981684,-0.5647408572,-1.09367491,-0.3050315617,-0.9915345066,0.9513725484,-0.3062023378,0.7886171401,-0.3747991518,-3.876982404
-0.388262822,0.3054649543,0.2792799311,-1.093099105,-0.6099914618,0.3811161389,2.51502906,0.3117970832,-1.385367714,0.05971244323,0.6930097922,1.318906234,74.01386385
-2.967050885,-1.352167634,-0.05963007934,-0.1724185831,1.641660918,-0.3276265562,-0.3862157625,-1.141052699,-0.6605044998,-0.6631647816,-0.4930884372,-0.2558565815,-55.5386603
-0.8901044851,2.568229068,-0.1448129993,2.101687358,-1.219414234,0.417922356,0.841487392,-0.2821328923,-0.5761928926,0.195189418,-0.4729650082,1.31733437,-17.56677553
-0.5183790038,0.4379006905,-0.3778280184,-0.7169220263,1.229192371,-0.6216465685,-0.4430526078,1.266666268,0.66223582,-0.0645360673,-0.8799789346,2.451391698,-85.18333958
0.8160719629,-0.0005962226706,0.4416405639,1.15832074,0.5162541409,-0.3425499142,-0.01700427547,1.985022722,1.037752263,0.7105990018,0.5757434941,-0.3306406542,18.09132105
1.217966993,-0.9301197774,2.112617001,-0.418968022,-0.8283623886,0.5478312928,-1.042215333,1.744731253,-0.1831467424,2.159480008,1.350732406,-0.3642282815,83.91724276
-0.6676494755,-0.5378877258,-0.05826708903,-0.8939933679,-0.858252137,-0.6931209543,0.09835308382,-0.3644192691,-0.2948183323,1.687488052,1.181968584,0.1961774428,49.03524528
1.813269941,-0.6526341869,-0.6670598106,0.8862064554,0.7924543975,-2.102203488,2.494128353,-1.854199336,0.133924225,-0.9806274694,-1.115442072,-0.07364756061,-168.6099567
0.5314200841,0.01208530691,0.4667498431,-0.7180457595,0.2776210388,-1.830517253,-0.890264578,0.6332370099,0.6540214747,0.01234341302,-0.1583420083,-0.5753829807,-94.35404778
0.1033549811,1.032012527,-0.1271801071,0.09599157643,-1.336000366,0.5943554653,1.424580228,0.8253703998,-1.387386522,-0.2600041332,-0.4585088807,-2.471522854,2.1720767
0.09424680242,-0.1126177616,0.8156211719,-0.007254583485,1.736496535,-0.05898431339,-0.39031791,0.128699164,-0.1732836364,0.9726359554,-0.9173985083,-0.03597809368,-66.50297398
1.453516036,-0.7904443429,-0.5144326349,-0.4671053651,-0.362242676,-0.163398971,0.9655327757,-0.07331166655,0.5371160796,-1.521180286,-0.2112326608,0.1696788277,-22.83564465
0.3889255961,0.1922193174,1.167690423,-1.114929925,-1.605100118,-1.32539252,-0.2793023906,0.06925208454,0.1136683234,0.9931458487,1.881602021,-0.2525850042,64.73793022
0.6326041111,0.04199869373,0.9291630949,1.466058746,0.5910010808,0.2001642235,-1.040123833,0.6804973079,-1.225768717,-1.17570481,0.6122248438,0.9594572877,55.97582798
-1.193228768,-0.3085306736,0.431354192,1.290103789,-0.0790263391,-0.3063159926,0.2555746209,-0.06309126107,1.081576679,0.16384069,-0.05791875062,-1.062822409,-13.48873571
-0.4893416936,-0.1505973434,0.3678459763,0.8514467667,1.659767857,-0.6336840739,0.1846128832,-0.5175310813,0.2421806269,-0.9846790274,0.04553642667,-0.04856076487,-15.85526737
0.8480008799,0.9812581326,0.1266050882,0.2551972908,-0.0621046439,1.539447223,-0.4641425386,0.9783667115,0.7535134261,0.1845811234,-0.5792127368,-0.2188304132,19.81422094
1.594634531,0.2827219895,0.3784377001,-0.5019520294,-0.5850852362,0.8432271246,-0.3934867595,0.04920962935,-0.4007148704,-0.2848603005,0.8098145462,0.5385752644,115.6650257
1.246883388,0.02920481464,-2.473191414,-0.3813062809,-1.003900812,-0.6163312924,0.8506841876,0.2039297613,-0.5041669324,0.6295918535,0.04585861517,0.1346752384,-36.44184995
-0.7289215261,-0.3140719073,-0.8024279066,2.244243715,-1.276223735,0.4773550385,0.9589893846,0.2458136833,-0.2375521336,0.7017301274,-0.9115185722,-1.688815641,-41.39432337
1.113774772,0.1294339836,-0.4703487059,0.4712323276,-0.2537665404,1.292525154,0.7233970919,0.264475934,0.1298215711,2.726469705,-0.8760045941,-2.727222578,8.432223302
0.274771226,2.253483553,-0.0941072244,0.4978634794,0.4584945355,-0.3428733168,1.445079408,0.22422039,-0.228568162,1.67522141,1.571393487,1.436227521,85.68634822
-0.5108647276,-2.982623983,-0.408515722,0.1207100172,-0.2095442819,-1.214348028,0.7997128041,-0.4068077345,-0.8706857031,0.02899898284,-1.280597465,-1.091612969,-145.4120428
0.6221085178,-1.146450697,0.2740262766,-0.3669641334,1.02675769,0.2063085723,-0.410843729,-1.686605167,-0.0145632457,-0.5031173595,-1.618118094,0.7798731747,-83.69860585
-0.08289153144,1.037853153,0.8616695775,0.2227727066,-0.6429259653,-0.630718793,-1.057213376,-0.4731990589,1.956245478,-0.7562677345,-0.7402971228,1.951063643,-73.95920875
-0.7216726399,-0.6801992288,-0.6900878518,1.206675487,-0.6331026247,0.3439005378,0.4457471267,0.79314791,-0.7109257709,-0.3014504617,0.2818398569,-1.221041628,41.07916271
-0.3309824586,-1.189094845,-1.356908988,-0.6159374331,1.460495809,0.4439717064,-0.3155238227,-0.9204788757,1.221426481,0.1586891574,-0.997329407,1.978029857,-33.3062524
-1.124701875,0.6610208062,1.002469135,-0.1479507803,0.5124210237,-0.9537518677,0.2104679703,-0.7006406515,-0.3906482678,-0.2400018842,-0.3587942064,0.9150973198,-81.43181991
-0.6953246003,0.6026587639,-0.8414253024,-0.9230930632,0.3833080191,-0.5961096968,-1.467193793,-0.7731903366,0.3906313973,0.02234719696,-0.8190633033,1.3512392,-76.87018892
1.219530746,1.22167944,0.8195359259,-1.158487317,0.9705157242,-0.5237739579,1.427996661,-1.019072642,0.2059586896,-0.6660995211,-0.03855765779,0.05944991269,-25.14396603
1.289746871,0.1828848875,0.9766096489,-0.2096458456,1.502106684,0.1497345713,-1.977435579,0.452816985,0.886913378,0.09578674974,0.2965097195,-0.2616084718,24.97985147
1.059728188,-0.864935993,0.8917189307,1.822270447,-0.2028261892,0.06426774958,0.07453646097,-0.1291167409,0.02092657781,-0.1675741121,0.3675413076,1.690232656,29.90214344
-0.5506455985,-0.9545134661,-0.1944027202,0.04400221962,-0.882122992,1.549849968,0.8295137325,-0.191391946,1.970930775,0.1544214083,-0.7975760849,-1.14033377,29.98932345
-0.1914575338,0.1484710121,-0.1133384783,0.7511706946,-0.3946262888,0.954818914,-0.3981562034,0.08480682048,1.756711185,-0.4791728482,-0.0921080332,-1.467837632,39.60001271
0.2804023292,2.481954219,0.6212743481,-1.907576852,0.6598724022,-0.5573714392,0.1919485118,0.1574918347,1.624775187,-0.6490414537,0.8949501309,0.8118908759,18.50937224
0.3825814544,0.0658461553,-0.0314609434,-0.8289054627,0.7422500281,-1.662628805,0.4060466137,1.050322136,0.4507024265,0.5336127577,0.8255803563,-1.847766592,-8.311934861
-0.5779404473,0.4201464003,0.7091272097,0.6101749984,0.2337776133,2.002184353,0.8886069373,1.280744697,-1.800452959,-0.805983176,-0.215633236,-0.491563035,67.09893513
0.2534883277,-0.4438116258,0.1606072782,-0.5839230067,-0.2381401293,2.021687583,0.5328519756,-0.3254970268,0.04204929946,-0.7150278571,-0.2998473743,-2.167395673,49.53123587
0.01802137143,0.3253977425,0.01148742049,0.5687310463,-0.4755122353,0.2942964327,-0.7498145229,-0.1431486572,0.5979450007,0.9138151108,-0.9887012017,-1.98064623,-57.63312668
-0.8018172604,-0.9249072579,0.4973305623,0.07196801421,0.9099138705,-0.4345976109,-0.9356100971,0.006582331767,1.239052663,-1.421931851,-0.3281897006,0.0357477245,-43.10586327
0.08209421158,0.2662104149,0.005593491256,-0.05542149018,-1.169245221,1.935194784,0.7220882392,1.220609013,-0.2884581322,-0.3814357149,-1.245021878,2.558590267,8.408506551
-0.2357622322,-0.1119277452,-0.8495890162,-0.4725357973,-0.3491547397,-0.8693773505,0.2556066068,-0.7238941773,0.7127772509,-1.838070076,1.92027297,-0.3977127111,93.4991649
-1.351584904,-2.105032275,-0.8928203903,-1.143745345,-1.020191419,0.9349712631,2.377035461,0.7298373195,0.157873781,1.16884602,0.2244094062,1.912949547,45.87074654
0.6225036191,-0.4336512486,-0.9548328267,-0.1488576918,-0.3036198934,0.9161830041,1.420228746,-1.781155752,-2.248068513,0.6836488963,-0.3558850662,0.9167216075,1.994913008
0.2090353835,0.6174114696,-0.1753095248,-0.3203199284,1.22804685,-0.6299944801,1.253279237,0.3015365497,0.5980552132,-0.2430130444,-0.2062414008,-0.6719064135,-36.33925061
-0.3348308502,-1.077136869,0.3643708836,-0.05718765071,2.031578786,0.04723763993,0.06578414353,-0.4774376244,-1.041267361,-0.7548379393,-0.02323446176,-0.9260495068,4.826407657
-0.9901027765,-1.239785089,-1.2766667,1.828565844,-0.8885194707,0.3033213236,-0.7919214463,-2.155427876,-0.5582045891,0.3611665381,0.4311411162,-0.2499476235,38.26386333
0.5657194604,-0.568114065,-0.1857054304,1.275265953,2.613590405,-0.2161892869,-0.3580846206,-0.213301376,0.3332831674,0.2875339705,2.587965411,0.8865540869,146.9686957
-0.05564297707,-0.0611743926,0.3125975796,-0.3172830174,1.566896626,-1.385982088,-1.157949422,-0.3177899732,0.2389214867,-1.659997735,0.928582455,0.4486378682,-23.39557899
1.778563328,-0.3814762368,0.4135447711,-0.1828821982,0.5039992236,1.128978155,0.2557231659,-0.5327339807,0.6510212594,0.214578872,-0.6431158681,2.439126158,12.11959487
-0.7306807085,-0.535098331,-0.02440050386,-0.4009415868,0.4604779659,-0.6443249755,0.3491529955,0.490832749,-0.218843346,-1.575180826,-0.08654304504,-0.2799799422,-39.56637438
-1.380896459,1.114583137,3.266447909,-0.6126789372,0.7496871716,-0.05970053242,0.489547496,-0.04626997961,1.306169397,-1.733958272,-0.1065864887,-0.7383699084,-18.89274753
0.2154403439,-0.4187212036,-1.060715209,1.686328589,-1.228996324,0.8290534292,0.3527720262,-0.1431772831,1.18108911,-0.7187006131,0.3334810007,1.359224797,50.96649256
0.5042379026,0.7580710542,-2.430066772,-0.5606248323,0.4805919305,1.523621603,-0.2542165412,1.218968108,-0.1226701798,0.5970815472,1.308142647,-0.4965520545,149.4261318
0.6726568189,0.5582331675,-0.5024809357,0.1057294827,-0.6461720128,-0.7663038697,-0.09069545002,1.108181281,-1.147474432,-0.6250148068,0.9447881772,-0.1898319228,24.31492521
-1.039660612,0.5987259158,-0.2673101999,-1.063985164,0.4702496388,0.04105236492,1.412113734,0.1130469763,0.974765168,0.4248791484,-0.4601563362,-0.967365785,-39.04532357
-1.27872763,1.053751449,-1.121020616,-0.8887862163,-1.464653304,-0.9871382785,-0.8984492043,0.8578794962,0.000617041927,1.396996195,0.2768076472,0.3955282889,-25.71320724
0.3559009836,-0.5288105188,0.06762172777,0.5920208254,0.9249418182,0.9406117003,-0.2602139529,-0.1059014012,-1.178010282,0.9324709278,-1.360431162,2.069787427,-40.78907871
-0.236306859,-0.6337933125,-0.005100111227,-1.133912001,-0.8205635139,0.9435558208,0.699395204,-1.3820853,1.257177241,0.6707902553,1.474831575,0.834289799,118.758733
0.5227808921,-2.026143422,0.3692185058,0.9404634163,0.1383872797,-0.40256861,-0.2588231604,2.935507653,-0.07733323033,-0.370937989,1.143687803,0.4407895151,50.941127
0.4680145411,-0.6197456709,-0.2765885754,0.1746476505,-1.626703738,-0.7810727582,-1.887472532,-0.003571046292,-0.7387964029,0.7121987884,-0.371909269,-0.4489885142,-44.68819436
-1.063736514,0.3590769381,-0.09856561596,-0.2650380603,-1.064084855,0.4238396873,-0.6107810012,-1.142700074,1.301561823,0.001380011256,-0.5189095999,-0.2938782952,3.712055294
-0.5902699154,2.734134652,0.6449114927,-0.4588865794,0.4398638417,0.1614419202,0.2514996106,0.3603894776,0.1139427386,0.04888732479,0.6883317757,-0.01206561257,38.55249454
0.5162353368,0.2298867958,-1.217749714,1.336560343,-0.4045823288,3.029276258,-0.1057053814,-0.1380152858,0.3178035421,0.3478661373,-1.935071915,-0.001454172226,1.809558346
0.6516338922,-1.190930614,0.9280905373,0.270104097,-0.4873007908,-0.6199084146,0.8433380027,-0.4752569039,0.9867255608,1.540949078,0.3907780869,-1.270191264,5.780170255
-0.6864059492,-0.7582490188,-0.9887288308,0.8276108672,0.6864394225,-1.234952852,0.8135764289,0.9591517857,-0.2454612882,-0.1305859914,0.5249135421,-1.407916956,-25.99711632
0.6606920665,-0.8038690045,-0.5154615352,1.202798812,1.928992957,-0.3868698232,-0.2019606095,-0.9725406184,0.233434133,-1.44580411,-0.5731362754,1.830271476,-57.21416171
0.9747056344,0.8361592704,-0.6104459494,-0.2336833833,1.698997106,-0.4587539842,0.5984252,0.09489151379,-0.3234219588,0.5742137145,0.9100374049,-1.623116738,32.21021786
-0.236593837,-0.2103286026,-0.6009626518,2.051158066,-0.391769154,-0.4909434336,-1.961961778,-1.077082161,0.2073991172,1.089855572,-1.874208968,0.5529664019,-142.4050489
0.03900362628,-0.3382628684,-0.457969654,2.851157741,0.1019828706,0.1161054469,0.09712155528,0.4957490421,0.2719788549,0.03628054071,-0.4287605478,0.1022683842,-18.53384284
0.3425685639,-2.087619454,1.198296966,1.106770154,-0.2180266048,-0.3135512548,-1.373829158,-0.0005576200913,0.8466019408,2.049886397,0.01773948363,-0.136588145,-29.07647565
1.032189389,-0.4799680835,0.9953332388,-0.9159811413,-1.491637334,0.03362909846,0.1823023937,-2.378469927,1.589595261,1.381698762,-0.444741827,-0.3296625798,-31.75842564
1.377370134,-1.465625195,0.7098755115,-1.918775897,0.5627309421,0.04758270664,-0.7984189145,0.356183031,-1.231767139,-1.30601521,-0.410314339,0.9279779236,-21.9333664
0.1796292066,-1.232188403,-0.1485080732,-0.7393558438,-1.411310348,1.395996735,1.160397641,-0.2292897756,1.039595359,1.174111204,-1.165159083,1.52962918,-19.2545597
-0.06678875402,1.3155483,0.6041367344,0.3709061979,-1.100597535,-1.645262571,1.567215526,-0.3036815397,-1.752838298,-0.5711286017,2.582474316,0.3606822885,109.3475699
-1.555224922,0.3341793969,0.5503625711,0.6216663792,1.214036997,-1.139297143,-1.396301901,0.6000359735,2.730929188,1.379143068,-1.116593868,-0.4672622545,-122.0279994
0.8479482606,-0.2981476641,1.438276099,-0.3812763052,-0.1239472364,-0.5530250467,-1.0402644,1.695158285,-2.040774067,-0.2131734846,0.8202851689,1.058028352,47.38002964
1.281092076,0.6318621992,0.3219966691,-0.8714839954,-0.9259717963,1.052561727,-0.01971556413,-0.6227344828,0.7374360517,0.2871144088,-0.6768925059,0.3240517249,10.76575508
-1.464950141,0.7105206312,-0.3587024609,-0.366226046,-0.7898438867,-1.324648162,1.321329193,1.842089419,0.4312381878,-0.3935704984,1.395193542,0.3159889887,34.47935044
0.3925002823,1.583267279,2.145905438,2.687113783,-1.462497754,-0.346150394,-0.4651954797,0.1596003025,0.3468617573,1.010565323,-0.169588148,-0.1379730149,-14.04857815
-0.8848909246,1.346225749,-0.5346140789,0.05284627057,1.093125813,1.265797563,-0.5575276345,-0.5973731874,-0.4644931258,0.1196019087,0.7325994645,1.825997184,110.3894175
0.4009493716,0.3110947323,-0.007269651632,-0.9609883264,1.373428643,-0.760163347,0.324820424,0.8271255045,1.171581774,0.237320571,-0.2260834184,-0.4797723526,-53.00487209
0.3203042012,-1.295325656,0.7281737532,-0.2483369248,-0.8493675127,-0.1419010467,0.2360823008,1.813633984,0.6163707184,-0.2763206998,0.8698107058,0.01616715736,60.54648271
-0.2360755942,0.06212032775,-0.05434237294,-1.689231547,0.2065018935,0.8135035454,-1.821573393,-1.087200292,1.579549351,-0.9385018725,0.05488898276,-1.796315456,30.45654886
1.253192217,-0.4499985868,-0.7536534246,-0.4119083253,0.5480066391,0.1707651092,0.5926197853,1.802852544,0.9567319407,0.7165359887,0.3329952138,1.11792876,28.12723407
0.2539788038,0.6437727905,0.03145532128,0.55233695,-0.7076357751,-0.3747869307,0.4759187273,-0.9898319336,0.5814117504,0.08178894308,0.8397674312,-0.6041007376,40.47157445
1.617578583,0.6413576268,-1.975972737,0.1175937992,-0.3704930468,0.7254565541,-0.8117368188,-0.9180737658,0.7242525231,0.6437144003,-0.08251091045,-1.14453151,25.99312866
0.5062806298,0.2318860224,1.092559199,-0.6259519773,-0.7134345389,-0.6340791625,0.3784962909,-0.7250200933,1.590122104,-0.5057376123,-0.159864572,1.123568511,-46.51103956
0.4248094649,-0.789839289,1.574120124,0.5643537651,-0.8520963877,0.234788366,-1.199775946,-2.350224062,0.4282475303,-0.2680988262,0.5029515215,0.0944702746,53.63895436
-1.032139538,0.4764721394,-0.8337498019,1.854416736,-1.043941468,0.3959310967,-1.094463406,0.1369050069,-0.4520497857,0.6645474466,-0.2744569064,0.306420588,-13.84205229
-1.057065204,0.5883176213,-0.1004642299,-0.2878022828,-0.4492733867,0.2543406751,-0.2429383704,0.4027065144,0.9486972177,1.461353356,0.2878642097,-2.189742985,35.84525648
0.2519381744,0.01702308046,0.7679101753,0.6377123096,0.08454079915,0.1833878284,1.46083307,-1.475898063,1.030326974,-1.41155147,0.2635120358,-0.4012663621,19.22058108
-0.3148920835,0.9589899237,-0.4251825115,-0.6800777897,0.2613404025,0.6600891701,-0.7450737038,0.5290596887,0.2122944383,0.7521325576,0.7349565297,0.4354118687,77.66523236
-0.06552528594,-0.4297727497,-0.206961536,0.03688762812,-0.2862338542,1.440709498,-0.6425259416,-0.9508300418,-2.063060758,-1.156573932,1.219894437,1.768549485,136.0019023
0.8295872328,1.192129297,1.765492661,-0.0235137436,0.442537828,-0.6796684418,-0.7126041976,1.528747916,0.5656518721,0.9613851642,0.09919844712,1.387330943,-37.56202777
0.8596776238,1.328686349,0.5747893497,0.8161385703,0.5609676906,0.5377515454,-0.9870151401,0.6342226986,-0.0663196235,1.004423482,0.9385549637,0.9335464104,79.35521897
0.635123609,0.5773410944,-0.3931671098,-0.02617308468,-0.2902615751,-2.099893183,0.6080593905,-0.1495164871,0.8712097624,-0.2381952309,0.0102770335,1.412423645,-93.46437709
-0.8245233614,-1.293140433,-1.12355312,0.0131126557,-0.9339002373,0.6164434028,0.1388172704,0.1844180575,1.005888446,-0.6938792872,-1.079178691,-1.111151467,-45.03720269
-0.3681740952,2.308496137,-2.969436458,-0.5880683036,-0.2768256318,0.164082379,-1.748949621,-0.6535379851,0.9948480091,2.528307985,0.6504115129,0.5299855416,57.88774508
0.1877756303,-0.965008347,-0.1902909196,0.2500990734,-0.07723702916,-1.701485316,-1.246514835,-1.529815273,-0.7847241632,1.583956176,0.8260822161,0.24949961,-40.98827003
1.407260576,-0.1548307171,-0.0400675556,1.25413881,0.3221213362,1.887579547,0.4731996657,0.102980063,0.3093949946,0.05946647156,0.3022600783,0.764163847,107.6944296
1.311076876,1.068882034,-0.744525795,-1.748768459,-0.6147099053,1.694354042,0.9867767711,-0.6993536881,1.501716052,2.36824051,-0.4282508509,0.01330288717,44.98548692
-0.0830590171,-0.5137486357,0.6215018963,-0.5336050461,-1.704622754,-0.2439590503,0.5023301967,0.6779835834,0.5207954102,0.09008006987,-1.024822549,0.836435946,-81.28705705
0.5612721967,-0.8958368167,-2.123048457,-0.6485497451,1.160941597,0.2215169864,1.032980087,0.7496415941,1.609955337,0.7893670066,-2.452374675,0.3007596197,-157.8773363
0.3894366347,1.831963997,0.8623348591,-1.588886326,0.714749919,-0.1046706053,0.3270725487,-0.9071876099,1.156766151,0.1862663329,-0.3841970326,-2.394952933,-23.03190579
0.7884134,1.219299562,1.372453014,-1.085723782,0.9589827071,0.4994515307,0.07154944287,-0.8208226324,-0.04443143057,-0.4967236877,-0.5132464924,-0.4579737816,-8.816848708
0.5090682829,0.6099782784,-1.013278348,0.948243243,-0.1142965688,-0.6694134525,-0.8476505884,0.734585552,-1.457441364,0.05483992396,0.3440283103,0.790029768,-0.4137975366
-1.2062286,-0.7247864698,-0.4576104758,-0.5257049424,1.027491181,0.8511793235,-0.9815638273,-1.295253393,0.9190393514,-1.46057397,1.48442046,-1.051451294,134.3364828
1.017055937,1.831796534,-1.144689361,-0.06058707318,0.9620191132,0.2687615937,-0.333897165,1.981063908,-0.0762905871,0.3674131322,0.4556357294,-1.010847527,41.79393798
1.037263514,0.4869727366,1.849915226,-0.7946371629,1.497649735,-1.874088549,2.075814847,1.497590768,0.2637219996,-0.02962265439,-0.3515462319,0.1990221825,-98.903296
0.3623308992,0.4704558872,-0.593796234,0.1830751658,0.4857679628,0.7396823676,-1.447428444,-0.1045118425,0.002470766197,0.09868553432,0.0297785315,-0.01949548845,31.16622839
-0.6883698414,1.072754832,1.787131578,0.1197490643,-0.6068097864,1.177974927,2.288821343,-0.165104505,0.1305909143,0.1161766827,0.3220070072,1.203979512,74.40189057
0.3493396168,1.01582304,-0.8926267324,1.444276649,0.02295204553,-1.827843735,-0.07243720104,-3.201464412,-0.1993567136,-0.2349555006,0.3270757953,-0.9226959238,-71.99986739
-0.1753980069,0.03056751931,1.87683687,-0.4159542222,2.131355971,-1.280411769,-0.454088636,2.174614936,1.892726818,-1.644040127,-1.62707046,1.565887756,-164.8765973
-0.03371837238,0.5717938481,-0.4716989466,1.270735333,2.048635948,-0.2323506873,-0.3800017051,0.4867406869,0.8461582493,-0.8570071904,0.0732163036,1.087853967,-13.86144233
-0.7251276425,0.3955788356,1.191702815,-0.7771940977,1.268703243,0.7200033272,1.971127887,-1.464713975,0.09058049591,-0.1822946436,-1.111978675,-0.3371352976,-42.90939172
-0.8566312993,-0.1158507902,2.633698021,0.7214268677,0.05394986034,0.8836757644,-0.01963890125,-0.8352569715,-0.07641563847,-2.348439786,-0.2137471469,0.2887127088,28.84037737
1.627763574,1.874529643,-0.6922812316,1.55407967,1.15545443,-1.728894216,0.4747574122,-2.467654776,-0.3584420949,0.7705236138,-0.5368995765,-0.1349042859,-121.3020733
1.405697571,-0.3753044097,-0.05867935693,0.659644376,0.9974768599,0.8931627487,-0.159388608,-0.8864548712,-0.4746412929,-0.3525110908,-0.2945185955,1.046446403,10.70974761
1.146131126,0.2227929942,-0.5559709452,-1.146376289,0.5720720354,0.8580706428,1.075217689,-0.6199086803,-1.247473573,-0.006196871066,-1.564153214,1.13009721,-71.88832072
-0.1941925242,-0.9274062834,-1.794074949,0.3434257959,-1.392513806,-0.4755049034,-1.637448358,0.213517543,0.04331655997,1.079611451,-0.2470078351,0.7517756128,-41.36824937
-1.48581743,0.9795612665,2.819640329,1.752047308,1.519913811,-0.6482378492,-0.1056903119,0.8556271155,-0.6984984428,1.189536914,-0.0683233492,1.649622871,-39.07387942
0.5324169192,-0.1278980333,0.8751754829,-0.6314513627,1.210180782,2.176756363,-0.05198121626,-0.9032431444,-1.165706261,-0.9947864518,0.4760278464,0.8335518006,134.886254
1.069111793,0.2979452563,0.4041617769,-0.6551614082,-0.1391360771,-0.1696815997,0.8239715961,-1.102110823,1.103479596,0.01934959397,-1.793208767,1.303124275,-117.916524
2.975421103,1.946805128,-0.6966678135,-0.6457297837,-0.2759636072,0.491869824,0.5411186737,-0.5696214698,0.6908167141,1.690644282,-0.5461407973,-0.3731289645,1.012364955
1.843977401,-1.652123786,-0.2097610606,-2.089432925,-0.1484199559,-0.2525133404,-1.439351008,0.2217305756,0.2439356305,1.328345605,-0.5542485522,1.268635732,-39.91827592
-0.2935184137,0.2550749078,0.8519302867,-0.818344507,-0.8101427637,0.7699846979,-0.2282403465,1.158015335,-1.441005508,-0.1309488856,-1.287449873,0.1030676078,-78.0713218
1.45425103,1.206389201,0.1838523234,0.1927417894,-1.125395427,-0.6346084372,-0.1495830738,0.1311007007,0.1601839256,0.6026825072,1.191261008,-0.7469350216,28.52351095
0.3060579799,1.474899894,-1.922067241,-0.182029304,-0.9461082354,2.181756552,0.3841552315,0.7045265662,0.4778235791,-0.03738579667,1.542499237,-0.5002848049,184.5844531
-1.720966502,-0.474111916,0.8546867305,1.157173651,-0.1999478626,-0.726529096,-0.6266754432,-0.3437995018,-1.58023813,1.485593442,-2.768033147,0.2905622442,-211.5632992
0.1431719173,-1.363729788,-0.4282820983,2.035084647,-0.2613594977,-0.5074395649,-0.6447642438,-0.3432475224,0.9262153467,1.078877475,-0.492082137,-0.3965945922,-50.11832164
1.246812865,2.236633101,-0.6968994039,-1.810229051,-0.8088594265,2.001409636,-0.9479809731,0.8822481383,1.110501598,0.3342999999,0.324413354,1.800430397,109.4287574
-1.179073222,0.1008806771,-1.25263149,-2.426514847,-0.2975244649,-0.4494534092,-0.06929413833,0.6487026357,-1.633008797,1.485602497,-0.7287344902,-1.285956818,-66.998144
-0.1079127645,0.1118311577,0.5817651202,-1.159371587,0.4275195091,0.7064365035,-1.339269873,-1.054396849,0.259061542,1.861515416,-0.1634063753,0.5555770926,36.89220081
0.1184883958,0.8364808297,1.077112952,-1.515123663,-0.09599898848,0.5309926156,-1.431896603,-1.076213035,0.3186826036,-1.219802381,-0.5785504461,0.2067650317,-25.90939899
0.1667119335,0.1645384722,-0.3643519774,0.5503219349,-1.189582661,-0.8727416848,0.07176261732,-0.3201818842,0.8454908844,1.159624913,-0.7192836275,0.6277810725,-88.82984282
0.2664446401,-1.678156514,1.480315398,0.6221563884,-0.4847528271,1.354133321,0.1185607816,-0.4079882011,-1.114062533,1.173888996,-1.176655645,-0.4109436023,0.1525710569
-0.4886333728,1.26482643,-0.3356600037,0.881708977,-1.382747598,0.9908269793,0.9177576725,-0.5918765308,-0.1952025066,-0.9859901612,0.4030877601,0.4708144204,64.27113471
0.5580133754,-1.592623911,0.6567135014,1.06146576,-0.03390590928,-1.566489572,0.2133551403,-0.937005911,0.4556131255,1.305628574,1.632907304,0.4968819047,37.59300888
-2.144488507,0.4796907052,0.2739413062,1.354987292,1.860191988,1.130828681,-0.1146944112,0.1139978422,0.9992017164,2.101756428,-0.01136442452,0.08351432462,30.64627286
0.5216931681,-1.15272075,1.566779198,0.161332723,-0.8265247855,0.3284710017,-0.9461648939,0.297591783,-0.7938868885,-0.23237856,8.109612925e-06,0.896243591,27.39212127
-0.3791110018,0.6190304079,-2.13311874,0.8194128411,-0.5944219956,-2.359818792,-1.423100912,-0.7747933701,-1.064857902,1.454607438,0.5327300378,0.7091414327,-47.7407586
1.367176037,-0.6578543751,-0.4719307749,1.096607197,0.03471685411,-0.2454052021,-1.789809307,0.6508253281,1.734846763,1.244736748,1.168154931,1.195554333,42.16878094
0.374466161,-2.344711993,-1.876160865,-0.7558247501,-0.8840920699,-0.8890581538,0.5235733082,1.578704323,1.023727642,0.8000354161,0.8006517718,1.432792325,15.21547731
-0.4598097658,-1.250115875,-0.991994895,-0.746183105,0.7280008579,1.075935532,0.2742021286,-0.2418722229,-1.21159615,1.252094213,0.9640929784,-0.2997152346,110.3773894
-0.4850968976,-0.03126613609,1.177548239,0.2104974909,-0.3509431446,2.299826724,-0.8342153238,0.3086518607,-0.8413888775,0.8676489138,-0.6418116606,0.4040160586,70.80470431
0.1047008872,0.4918446442,2.152527362,0.3011152182,0.6852545091,1.110120127,1.800346592,-0.3984157369,-0.3871258434,1.940276842,0.2571661274,-0.7095669491,64.7819382
-0.6156359327,2.54169787,1.557910764,0.06736763243,-1.751070958,-1.414354185,1.564789273,0.1137413784,-2.049287413,-0.02100252964,-0.0938557499,-1.025703461,-80.54501214
0.1502102488,0.7328914197,0.3253364852,0.4869761025,-0.6085903722,0.2116265796,0.9485658786,-0.7757329432,-0.4035134201,-0.2852856663,2.379702957,0.3725365071,145.2696428
0.5543306841,1.352207528,0.702437591,1.377629119,-0.60298694,0.08267190343,0.3258096197,-1.036266865,-0.927890138,1.693959419,-0.5978018391,-0.8529605938,-48.95151287
-0.6342102213,-1.066695833,2.325984094,-1.025216615,-1.284519973,-0.2769413306,-1.193513322,0.2919417657,-1.036766385,0.3847766737,-0.0908310672,0.105904999,-20.83733177
1.020196411,0.4828761434,-0.4855905399,-0.2430995675,1.119997917,-0.9145895853,-1.721005179,0.109234791,-1.330268983,1.204496569,-0.8610934254,-0.2287783687,-87.56654952
1.536468722,2.347733398,0.4342613724,0.3944213296,-0.6318415653,-2.434464327,1.073367577,-0.9338892852,0.1235290503,-1.352865875,-0.6079861313,-1.770351589,-137.5678202
0.4501968235,-0.4244181416,-0.5457160143,-0.07411160746,-0.9945785936,0.1215031444,1.238766548,0.01100574523,0.07473921022,-0.0746040839,0.09974698872,-0.07568756336,9.196699426
-1.370350168,-0.2581997939,-0.4330556925,1.530460638,1.049828511,-0.5773616522,2.157841085,-2.078763787,-1.232592048,0.3955644842,-0.6511032691,1.189327821,-70.15238668
0.3441996667,0.09595132094,0.4300693744,-1.103221613,-0.1583985822,-1.04291271,0.4426688336,-0.02511938148,1.140377357,-0.07610718153,-0.9982868161,-1.034081022,-131.1696822
0.4000948266,-0.4607021587,-0.8283749112,-0.9465873301,0.1701764971,-0.509441376,-1.034704333,0.9866022878,0.3910297636,0.8772208583,1.419731488,0.9693843792,78.32583972
1.292486951,-2.156794532,-0.02828852058,-0.6185412587,0.7049576195,-0.4902488108,0.3280731248,-0.9306806646,-0.7365006499,0.6780810372,0.6719931842,-0.9117895828,22.26711688
0.3176954337,-0.6872842592,-1.386424021,-1.682405356,-0.7550127281,-0.2526077813,0.2905403421,1.526143024,-0.6177614473,-0.6053898364,1.23854519,0.2887088268,70.36937468
-0.3692870904,0.6193419225,-0.5512510003,0.1349892548,-0.662055663,-0.3595802302,-2.212974523,0.1696511344,0.003071683213,0.8753369562,-0.9798790332,1.679268139,-87.2756183
0.05242950476,0.3311868257,-3.339941181,-1.179015126,-0.7028928871,1.246070402,0.5524619013,0.417179272,0.9608725896,-0.1894022301,0.04924732032,-0.3267800111,68.45487988
-1.170079339,1.290855642,0.02788766443,-0.2527991273,-0.5170180679,-0.3486475817,-0.5434092352,-0.3773498243,-1.558195529,-0.382410735,-1.223506757,-1.150926357,-100.3091575
0.229773714,-1.064772939,-0.3891412096,-0.571194147,-1.525218343,1.261710154,-0.07874094127,1.522329233,0.9356969836,-0.5368357576,0.2780330596,0.7122117986,82.72959933
-0.07348202881,0.03639059554,-0.1146163062,-0.399536278,-1.539919283,1.021249762,0.2192940648,-0.5343189731,-0.6745801566,-1.208950936,0.380261008,0.4331457427,53.86770843
-1.531008067,0.2203540977,-0.7083109142,0.7908170233,1.371758721,-0.1906094645,0.1494263015,0.6012680881,0.6863404627,-0.2644688733,1.708748721,-0.6912817887,101.9868871
0.5187003634,1.369744317,-0.1246989723,0.8656217006,-1.438176549,-1.123921988,-0.1447199754,-1.695981401,-0.1385572243,-1.627988472,-1.349281548,1.261379302,-131.6384124
0.8076999614,-0.1113370194,0.3297613957,1.723506597,-1.261133915,0.978484565,0.7754649293,1.076262907,1.317551959,0.2194593439,1.459676601,0.432583817,142.0500552
1.164027973,0.6525301509,0.7647469582,0.6305224208,0.4570141707,-2.044250668,2.262327171,1.81721427,-0.2106050333,1.264287047,0.08219836182,0.09730851552,-107.7383371
-1.84976985,-1.469809378,-0.5154921769,-0.6356719634,-1.578626721,-0.780952719,0.594009815,-0.9340273732,0.3212830926,0.5827633494,0.8966381722,-1.808342148,12.05428451
-0.1308549559,0.7058311145,-1.448607141,-1.681195153,-0.1817659439,0.05140153399,-0.7466531318,1.506777925,-0.9286162619,-0.1244654791,0.5749258867,1.131122696,53.80902171
0.5306682239,0.3719705888,-0.9214737016,0.9316648454,-0.03018252981,1.419209172,-0.1145524222,1.009762418,-1.068429905,-0.6642202823,-1.891382103,1.341401085,-62.64105864
-1.287554355,-1.243870287,0.5280345741,0.2823500566,0.9172764529,1.583626297,-0.1957822807,-0.18992618,-0.3222144392,0.9095344847,-1.454545781,-0.4503526187,-19.06641509
-1.084112694,-0.3088492628,0.1460642837,0.1631027013,1.046192483,2.022256572,1.213695744,-0.3408180589,1.121897208,1.168474168,0.01482394341,-0.33557169,106.7358888
-1.293385114,-0.5462656922,-1.777365331,0.6861880726,0.02948448799,1.078204085,-2.057628659,2.211843595,-0.6680735203,0.9053420263,0.2853281557,0.1056692858,84.504438
-0.6238459643,-0.6047766006,-0.6859540599,-0.0512149602,-0.775759306,-0.9555793864,0.5146244969,-0.2646537426,-0.9505148314,0.1491942152,-0.6074670977,-0.1560402693,-95.52100135
-0.1121042852,-0.9519029927,-1.396805225,0.2753733617,0.7326781597,-0.4862097315,-0.498457704,-1.208881959,0.5265299137,-1.943464141,-0.6496966601,0.8347905798,-66.26222371
-1.162467252,0.9028267336,-0.09964035044,-0.02335960542,-0.7604020254,-0.6897240437,1.950122793,0.8814658403,1.327092026,-0.3965420123,-1.086282865,0.3495428529,-105.1806149
1.360930485,-0.8069003277,0.3602230165,-0.7844471563,0.9075775587,-1.946405189,-0.8229740951,-0.02831207546,-1.070889058,0.4669424373,0.5305837537,1.531763719,-52.52734279
-1.465748476,-0.5764676422,-0.7445995087,1.362389966,-1.231286153,1.851411835,0.2804765155,1.167131507,-0.7494637531,0.1726575757,1.484232094,0.3113374148,174.0847811
0.7866942786,0.588715628,0.8225501201,0.3375878146,-0.6628335827,-0.273381409,0.4939436822,0.448395055,-0.9730712743,-0.009548971185,-0.4671952401,-0.8118136914,-25.89399352
-1.294905515,-1.085183251,0.5464355336,-1.19669199,-1.59609582,-0.5424209494,0.2491252933,-0.8244606097,0.6084860157,0.2460309817,0.04408802665,-0.4867733414,-26.3847444
-0.4315733341,-0.3442478417,-1.48535631,-0.6354611505,-0.02597060634,0.08134305767,-0.3644666066,-1.435764551,-0.06167574568,-1.578952078,-0.1700766429,-0.4016912052,-1.911965087
-0.4720311061,1.738310641,-0.6760146458,0.02349578545,-0.3280001153,0.4124326384,3.050062031,-1.125019066,0.373802199,-0.3821429625,1.607183576,-0.7768969473,125.2504758
0.07254066753,-0.2282321425,1.189285299,-0.106106547,-0.5028031951,-2.167185891,0.38970093,-0.792972056,-0.1512278744,0.5222481336,-0.1818648989,0.3668167949,-105.6591652
-0.5064967606,1.497384779,-0.2775001669,-0.907019,-1.148897529,-1.029622418,0.6630174126,-2.28525001,-1.019564125,0.4002911654,0.5600262485,1.011100446,-2.868558538
0.1286858405,1.779730932,-0.9092853516,-0.7493772984,0.03201690643,-0.5633825642,1.205797262,1.950202889,-0.1654439808,0.8605269347,0.2056692341,-1.168160934,-14.42813871
0.08937295028,1.261921759,-1.552768518,-0.009919441923,0.8881092955,-0.5246802076,-0.1820659878,-0.7996016433,-0.115613297,1.161907935,0.226793954,1.12884353,-16.91254567
-0.8838763983,-0.357253192,-0.1184581011,0.7083470842,-0.6779349912,1.416991244,-0.5406285059,-0.5048128274,-0.8383675222,1.126077496,0.2152545059,-1.538239557,71.45661014
-0.7561802107,0.422511503,0.3440497162,-0.6972765335,-1.595604357,-0.9108136466,-0.6158036829,-0.2171129966,0.8598555029,0.2347778234,0.5634399653,-1.683297327,-8.642396288
2.304781887,-0.2007784777,-0.1726432383,-1.290699755,-0.7654027821,-0.8799074953,-0.03514687686,-0.4273985034,0.4967461102,0.990218788,0.9305920151,-0.8324171804,14.32106269
-0.1557918159,0.2665588502,-0.6111487081,-0.942900715,-0.2750561052,1.283292247,0.4942507119,0.956702665,-1.791947957,0.5168284895,-2.062916948,3.359102194,-79.30972113
-0.8613999528,-0.8093280435,-0.03925052527,0.453468954,-0.281605188,0.2630761135,-0.5486602878,0.2806737007,2.902034282,0.3928697849,0.004293333011,-0.02727409546,31.5831594
0.3140658838,0.3202578638,-0.04492888096,-1.640246246,0.1032549324,-0.411179798,1.836906368,0.1098603792,0.1108169285,-0.2846215276,1.335539154,-0.768283027,66.3247263
0.07533982143,-0.1102011969,1.943539972,0.1683588567,-1.491866324,0.7152333956,0.1398014432,-1.303502628,-0.2785748867,1.049650852,0.7804085008,0.234333216,81.10494674
0.521042455,-1.142643178,1.02849695,0.241223698,-0.04265337375,-2.40790694,0.6903861134,2.246550253,-0.9417023211,-1.444511263,0.04488971628,-0.5882531985,-97.41776294
0.7733150943,-0.2867015902,0.2384715683,0.8741721296,-0.7111111495,-0.5346749211,-1.418897328,-0.4983395029,0.315560769,2.019438759,0.01509338001,0.5787019735,-27.57226228
-0.2492907748,0.2003813006,0.2183180349,-0.313354751,0.0001357362384,1.484345841,-0.3691933449,-1.373009807,0.7642255842,1.206176615,0.9789533208,-0.8008120747,126.564109
-1.667154423,-1.526420197,-0.6962302618,-0.275000706,0.5742428936,0.3990554745,-0.925647859,-1.160520397,1.742545334,-1.684860979,1.275642475,0.3088487588,91.60572439
-0.8280442823,0.5446242221,1.593749769,0.3457024923,0.8782707633,0.1826072884,0.9692227174,-1.404868949,-1.37797167,1.06063295,-1.012462085,0.1887338993,-54.31136306
0.8012861489,-2.483669018,-0.3294548217,-0.6391751389,-1.47557873,1.388328955,-1.958875219,0.1620512602,0.8991426887,-0.327601315,-1.308492123,-1.218479786,-2.894843274
-1.214758456,0.5776642756,1.226108644,-0.3482726927,-1.669633184,-0.4388857424,-0.7280574853,1.605057479,-0.9363163661,3.097999291,0.9542213732,1.465193319,42.25553215
-1.046568371,1.256596744,-0.6293137006,-1.58633612,1.83905009,0.4746907426,0.3033622378,0.9608352259,0.3837013653,-0.3063142276,2.382600587,0.9656399429,164.9074353
-0.4452709587,-0.4319971832,-0.8559297045,0.3395716227,0.9740917562,-0.7455765883,-0.2678340331,0.1945828079,0.8011947062,1.511147454,-1.515781388,-0.3256917863,-119.6616379
0.4974433288,2.396479712,-0.8384543087,1.0010808,-1.211919236,0.2554034955,1.177473589,0.2813394111,-0.5575791223,-1.181832684,-0.8264846431,-2.626150054,-38.75371732
0.5127537338,0.1852215826,0.5858204997,0.0695040446,-0.4383374927,0.0836620966,0.7874403511,-0.6083558669,-2.2112474,0.5150664791,-0.2585748397,0.8469594089,-9.158623178
0.216759986,0.9622636578,1.45606702,-2.035948476,-0.4894282203,-1.845274566,1.81931023,-1.44133529,0.7837773261,-0.7116690757,1.132750592,0.7929254768,-0.5820955676
0.525160638,-0.3384153401,-1.883306886,1.454674184,0.4099116589,0.3931273447,0.3270016843,0.8866226059,-0.4179055872,-0.2596277757,0.0782934254,0.5238388844,15.19332904
-0.469357086,-2.092441623,-0.1484065691,0.4738955521,-0.4241016184,-1.571835923,-0.5640521674,-1.634699474,-0.1482167888,-1.006524772,-1.331055533,0.6354074324,-156.3597482
-0.001169510752,0.1786932521,0.2175108715,-0.5131082916,0.7962209552,-0.5632242602,-0.5038402776,1.17996554,-0.8352532632,1.996941263,-0.2268744725,-0.9464494427,-64.01170324
-1.431146474,-0.6529113523,-0.2204917605,0.7536319697,0.4821933182,-1.333299573,1.063720643,0.2633323726,-0.2236069064,-0.3116412363,-0.803345752,-3.07890059,-112.6138644
-0.06213083778,-1.946935595,0.0008645046517,-0.8576976538,-0.0571366726,-0.3737833296,-0.579350974,0.4997899158,0.4223074621,-0.7794236395,0.276009645,1.124685689,-7.646699393
-0.4098458146,-0.6500976443,0.08632544972,-0.455515742,-0.1646546471,-0.3389658908,0.3105414649,-0.7779159649,-1.498624429,-2.7926832,-0.3505798892,-0.7208876142,-50.34103552
-0.4894370362,-0.5356438369,-0.4855904476,1.475176545,-0.7651607777,1.331764206,-0.6123905067,1.750510932,-0.7485225604,0.1884726289,-0.5950912593,0.758686488,29.13848905
-1.581166645,-1.294644008,-0.03545163976,0.03691849137,0.8073004778,-0.07646968273,-1.586794349,1.234836324,-0.267968467,-0.04095501007,-1.867858068,-0.27054682,-125.795873
-2.869694048,-0.3501759518,-0.2708013226,2.869629999,-0.09886392735,0.3664516666,-0.616012533,0.9685468084,-1.210665118,-0.2291940294,-0.6665308064,-0.8494681752,-21.79701928
-0.9869981622,1.149141582,2.06969448,1.125321504,1.706277078,0.3917485352,1.164705565,-0.05993613778,0.6793989096,-2.132984386,-0.4290699982,0.2688409177,-10.27395242
0.5633596011,-0.04348818411,0.173717163,-0.5080215597,-1.889448559,-0.5389248918,0.2238018878,-1.476552068,-1.001833959,-2.410924965,-1.069801151,-0.6100311971,-84.79375666
0.7897091606,0.5525460042,-0.3412209516,0.9371568612,2.016011212,-1.292843255,-0.4258396687,0.5012291236,-0.1456968262,0.2312967401,-0.7839132985,-0.1310530031,-112.1741841
-0.4981916956,-0.1877366127,-0.3122440321,1.020710665,-0.04870286885,0.07170859851,0.5738235939,-0.5818823185,-1.712352216,0.425647491,-0.1884148601,-1.284295938,-8.879039011
-1.023412875,0.4219135297,-0.6137027723,1.453198855,0.4702746635,-0.8878624041,0.1580039857,0.1314508289,2.53103352,-0.3163548469,-0.8705631176,-0.1725160573,-121.0096329
0.5676928253,1.809390125,-0.5240826429,-0.3590743133,-0.8541660709,0.2136962797,1.653162076,-1.232461489,1.031870153,0.6216199275,-0.3830175311,-0.7553644622,-19.05749299
-0.1643579712,0.7881302752,-0.4971188759,0.7138570358,0.5386977536,1.002855934,-1.040613936,0.07011738794,0.1428306828,-2.376386275,-0.9388772127,0.2931690661,-17.02825204
-0.4089350881,0.8459211803,-0.7628959851,-1.389692719,0.1890231279,0.2246144964,1.724658118,0.9521447897,1.784944753,0.8825463322,-0.7691482041,-0.8334911667,-39.41996531
-0.6979819249,0.8202673374,1.513221146,0.9797275113,0.2540420105,-0.02373492187,0.342946108,-0.1276656972,-0.9540383446,0.6987350255,0.7323092213,0.5697446118,46.35253792
-0.2371153509,1.260815283,0.8764988256,-0.4092061964,-0.1917598085,-1.215220091,-0.6472893548,1.987145612,-1.05506399,0.122319398,-0.487849226,0.4320881342,-78.33244504
-0.2962723245,-1.005913745,-1.317676089,0.7358949607,0.4982403046,-0.7261565811,0.1557185506,-0.9201421777,0.1814475859,-0.6829050079,0.8808455392,-1.247139465,22.61987519
0.1200148245,-1.136850114,0.06870964256,-1.202407174,-1.267257893,0.6064659094,2.1829414,1.915731914,0.4164717727,-0.4192395387,0.2159772832,-0.7604001961,32.49641457
-0.8181705052,-1.127560163,-0.3594228465,-0.03451576297,-0.5195503463,0.5770680867,1.42054546,0.635103991,-0.9753044265,0.5928373585,0.3932654379,0.6866343959,42.01133315
-0.1777817043,1.214126417,-0.5111346802,-0.2306923246,-1.049237567,-0.9142969208,-1.938440095,0.9175739631,-0.2024912793,-0.1151922721,-0.09452518171,0.3312144907,-45.40483326
0.5238346273,-1.128683491,1.620426194,-0.2183789484,-1.616753311,-1.562101793,0.5294891524,-0.2352555461,0.3249055607,-1.111170654,-1.095795572,0.4724984172,-136.637226
0.4152942316,-1.733589687,1.006444727,1.106518621,-0.9584738868,1.123979783,-0.1995537799,0.3554783474,0.2018565838,-2.506447109,1.889302888,-1.436557175,175.2308337
-0.02682904943,0.03646414357,-1.18812841,-2.332984392,0.3181433619,0.07668156375,0.2996457575,-0.06312543156,0.184220967,0.2229330965,0.7089913026,2.267385707,52.73705525
-0.6130977507,0.01970833094,-0.2837992691,0.9428327618,-0.5593357836,0.6729210121,0.2022155242,1.74595654,-0.3283592676,2.084774451,-0.4112986169,-1.285864653,-10.89731633
-0.3429263069,0.6237150721,0.1319821876,0.03634597757,-0.1777856189,-0.0217613083,0.3272656939,-0.1656537713,0.4584127791,-1.233767688,1.416403458,-0.2711727368,84.69462361
-0.566949101,-0.392674779,0.1360237766,-0.4268577228,0.9641976096,-1.055321689,-1.341372052,1.158458441,-0.0505578672,1.440914533,-0.6793304742,0.7402378022,-98.16120804
-0.9749833791,0.6912574271,-0.3708869042,-0.2621429955,-1.11215861,-0.9897148016,-1.477939933,0.7172056066,-0.2754674559,-2.197067235,-0.9965552191,1.219611548,-109.7049873
0.2150247452,0.5601366431,-0.5040988551,-0.8137304881,0.7442638115,-0.3983682397,0.6529992315,0.8033720875,-0.5542357541,1.015810945,-0.9642783858,0.08373129635,-78.24582958
1.987756596,0.6403312768,1.803800011,0.8755429165,1.601099337,0.841822407,-1.357050605,0.322267909,0.1136429772,-1.316639208,1.176942302,-2.034606947,125.2869342
0.7108187664,0.2997564799,-1.903572703,1.212467009,0.3039411832,0.8648909744,-0.2597919736,-0.3259431358,-0.2872799526,0.2514607022,-0.913796247,-1.085606325,-14.5846442
-1.449763678,-0.4364789053,-1.088083176,-1.189554073,0.05125311087,2.779723001,-1.217103434,2.016684661,1.123997485,-0.9237503787,0.5137326962,-0.7843514005,172.7104385
-0.1474148845,0.1409429236,-1.026039894,0.631975604,1.217039911,-0.01336731948,-1.804198608,-1.624881299,1.966526062,0.08036323608,1.285067828,-0.6197376817,74.98909922
-0.1390053638,-0.158819771,-0.8455596713,-0.0545384024,0.2601920159,0.1066518118,-0.2435734958,-0.234913752,0.9602383494,-0.5042945013,-0.2268294907,0.1282125256,-19.89591028
0.6052972044,0.1759111948,0.3230833417,-0.6212745891,-0.2049872666,-0.8916651335,0.1063749771,2.343401018,2.100780671,1.368808075,-0.6418770736,-0.1801505496,-56.84405736
0.2049621958,-0.2239728454,-0.8916124466,-0.2056667371,-1.291742819,-1.201426996,-0.04015546959,0.6986059321,-0.4664818057,0.2670090091,0.4030324423,-1.585705214,-41.18872472
-1.27080663,-0.1252664406,0.7965829249,-0.9409696426,0.8849752799,-1.06865336,0.3751675071,-0.3308435353,-1.303931683,0.6057251496,0.03945877995,0.07837965832,-58.17569884
0.2364980788,0.4514202465,1.300337622,-1.032736648,-1.181447405,-0.333923343,0.5351373493,0.2587587898,1.722507055,0.2819796818,0.3143159747,-1.624898143,19.16881161
-1.09018311,0.4880361379,-1.68179578,0.5565274082,-0.2391802098,-1.508124461,-1.065875097,1.447187818,0.8391380125,1.457450749,0.4773673119,-0.1654913036,-43.87498125
0.7042928109,-1.785269968,0.2639997336,-1.280472267,-1.866753147,1.573751135,-0.05755613053,-0.6015260739,-0.60778553,2.353911805,-0.4918616574,0.07679477068,44.49340329
-0.01807162188,-0.6077142651,0.4430466058,-0.08374076389,1.797709411,0.4142462519,-0.3488420743,1.66158718,1.459065802,0.6778506069,0.09901985998,0.6713166037,28.55161372
0.1657441872,2.137800852,0.3822652837,0.1175042119,1.138918667,0.1533078147,-0.8730419041,1.639240706,-0.6676504176,-1.001900324,-3.040416427,1.106329174,-180.8184591
0.4897879306,-0.8671732034,0.6061687252,0.6248483706,-0.2784652913,-0.1188841845,-0.2771239702,-0.02834363084,1.719472138,0.1688155584,2.161472227,1.428886482,140.3859792
-0.6040238146,-2.851573621,-1.016685989,-0.764768498,0.6278777577,-0.2427783698,-0.1444489891,1.140486468,-0.910878364,0.4047828786,-1.099593918,-0.278536659,-87.60139396
1.335199657,1.492691606,1.114550813,-0.8798126359,1.336572872,0.5245927639,1.159990556,-0.4109383513,0.4291751921,0.01536265596,0.4274112134,0.9102975062,55.48657232
0.3938011439,0.02931663778,-0.2276082476,-1.218377508,0.4666126263,1.795226484,-0.3590815399,0.4229606734,1.402471405,1.285504614,-0.6032369427,0.1305228536,40.60498011
-0.9774704513,-1.024505866,1.848262249,-1.073013159,-0.3767861458,0.1010684036,2.621406036,1.399638004,-0.4699016363,0.3835834376,0.2264043359,2.259058141,9.91871134
0.1112363229,-1.279592399,0.01509362406,-0.638448214,1.610133153,0.4603780669,0.3512967654,0.2035464578,-1.547109616,0.5971663988,-0.6163262503,0.6302170196,-9.131268277
-0.3553634232,-0.2110775967,0.3280796027,0.4926833284,0.9683688322,0.9299311971,-1.267558755,-0.08752162102,0.9051624634,-0.9490917926,0.913009074,2.061766713,100.911089
-1.914458428,0.708739343,0.3811184193,-0.3048289409,0.1651316775,-0.5230017768,-0.7493453434,0.565815341,1.190487443,-0.332172008,0.715282551,0.03525204374,31.2715436
1.629253682,-2.050809729,-1.16557415,0.2270479891,-0.7845209609,-0.201207709,0.7366400025,-0.9728723773,-0.6156249964,2.137108244,-2.384604524,-0.02415529862,-176.5425141
0.6274425121,0.699744476,-1.561247874,0.4960669463,-0.2097092788,0.4876501839,0.1757581642,0.408734816,0.6847446788,-0.5180571224,0.6284882639,-0.003833254508,56.90992335
0.009509923481,0.6604723718,1.301559325,0.2178562104,-1.04684345,-0.7804757251,-1.240593972,-1.527830801,0.4910903388,1.361057229,0.1263485651,-0.4179085506,-33.58024106
-0.2165582731,-0.3320456286,0.2051599922,1.161839084,-0.06023718605,-0.33305299,0.5085484635,-0.6955059687,-0.1325428522,1.936562775,-1.528561827,-0.4423519218,-112.5101394
-0.9670241275,-0.3476396522,0.1745611628,1.113966687,0.5111787475,-0.5451745201,-0.7482913657,-2.194646676,0.06783713038,-0.1814997522,1.626671253,0.4984765264,95.10033807
-0.8680935358,0.3757183192,1.742071946,0.883870586,0.598279637,0.9555164891,-0.5115033658,-0.2806879276,0.9242644946,0.119347968,-0.220240187,0.1202245958,12.93489285
